case,label,model,sza_deg,o3col_du,source_file,UVB_280_315,UVBstar_280_320,UVA_315_400,DNA_damage,UV_index,P_Dam_C_1971,P_Dam_FC_2003,P_Dam_FC_2003_ext390
pal0p1,0.1% PAL,atmos,0.0,90.3701,PTZ_mixingratios_out.dist,4.297,5.472,62.07,0.07415,44.38,1.769,2.612,3.081
pal0p1,0.1% PAL,atmos,5.0,90.3701,PTZ_mixingratios_out.dist,4.266,5.434,61.76,0.07324,43.97,1.752,2.59,3.058
pal0p1,0.1% PAL,atmos,10.0,90.3701,PTZ_mixingratios_out.dist,4.171,5.319,60.84,0.07056,42.74,1.701,2.526,2.987
pal0p1,0.1% PAL,atmos,15.0,90.3701,PTZ_mixingratios_out.dist,4.017,5.132,59.31,0.06628,40.76,1.619,2.422,2.871
pal0p1,0.1% PAL,atmos,20.0,90.3701,PTZ_mixingratios_out.dist,3.809,4.879,57.2,0.06062,38.1,1.509,2.281,2.715
pal0p1,0.1% PAL,atmos,25.0,90.3701,PTZ_mixingratios_out.dist,3.552,4.565,54.53,0.05389,34.86,1.375,2.109,2.524
pal0p1,0.1% PAL,atmos,30.0,90.3701,PTZ_mixingratios_out.dist,3.251,4.196,51.34,0.04649,31.17,1.224,1.913,2.303
pal0p1,0.1% PAL,atmos,35.0,90.3701,PTZ_mixingratios_out.dist,2.916,3.784,47.66,0.03878,27.17,1.06,1.698,2.062
pal0p1,0.1% PAL,atmos,40.0,90.3701,PTZ_mixingratios_out.dist,2.556,3.339,43.55,0.0312,23.04,0.8921,1.473,1.807
pal0p1,0.1% PAL,atmos,45.0,90.3701,PTZ_mixingratios_out.dist,2.183,2.874,39.07,0.0241,18.92,0.7258,1.246,1.546
pal0p1,0.1% PAL,atmos,50.0,90.3701,PTZ_mixingratios_out.dist,1.81,2.406,34.3,0.01781,15.02,0.5695,1.026,1.29
pal0p1,0.1% PAL,atmos,55.0,90.3701,PTZ_mixingratios_out.dist,1.449,1.947,29.32,0.01252,11.44,0.4278,0.8183,1.045
pal0p1,0.1% PAL,atmos,60.0,90.3701,PTZ_mixingratios_out.dist,1.111,1.513,24.25,0.008367,8.339,0.3059,0.6298,0.8183
pal0p1,0.1% PAL,atmos,65.0,90.3701,PTZ_mixingratios_out.dist,0.8094,1.119,19.22,0.005313,5.779,0.2071,0.4651,0.615
pal0p1,0.1% PAL,atmos,70.0,90.3701,PTZ_mixingratios_out.dist,0.5538,0.7786,14.39,0.003235,3.793,0.132,0.3267,0.4392
pal0p1,0.1% PAL,atmos,75.0,90.3701,PTZ_mixingratios_out.dist,0.3502,0.5007,9.94,0.001921,2.348,0.07927,0.2152,0.293
pal0p1,0.1% PAL,atmos,80.0,90.3701,PTZ_mixingratios_out.dist,0.1996,0.2885,6.079,0.001135,1.359,0.04505,0.129,0.1765
pal0p1,0.1% PAL,atmos,85.0,90.3701,PTZ_mixingratios_out.dist,0.09697,0.1387,2.936,0.0006459,0.7032,0.02387,0.06429,0.08724
pal0p1,0.1% PAL,kasting,0.0,43.8711,OUTPUT_PLOT.dat,5.92,7.166,62.32,0.2232,83.25,3.562,4.497,4.966
pal0p1,0.1% PAL,kasting,5.0,43.8711,OUTPUT_PLOT.dat,5.88,7.119,62.01,0.2209,82.56,3.53,4.46,4.928
pal0p1,0.1% PAL,kasting,10.0,43.8711,OUTPUT_PLOT.dat,5.757,6.976,61.08,0.2138,80.49,3.437,4.351,4.812
pal0p1,0.1% PAL,kasting,15.0,43.8711,OUTPUT_PLOT.dat,5.563,6.747,59.55,0.2025,77.17,3.288,4.175,4.625
pal0p1,0.1% PAL,kasting,20.0,43.8711,OUTPUT_PLOT.dat,5.293,6.431,57.44,0.1873,72.64,3.086,3.936,4.37
pal0p1,0.1% PAL,kasting,25.0,43.8711,OUTPUT_PLOT.dat,4.958,6.038,54.76,0.1691,67.08,2.838,3.643,4.057
pal0p1,0.1% PAL,kasting,30.0,43.8711,OUTPUT_PLOT.dat,4.566,5.576,51.56,0.1487,60.67,2.555,3.305,3.696
pal0p1,0.1% PAL,kasting,35.0,43.8711,OUTPUT_PLOT.dat,4.121,5.052,47.88,0.1268,53.51,2.24,2.93,3.293
pal0p1,0.1% PAL,kasting,40.0,43.8711,OUTPUT_PLOT.dat,3.652,4.495,43.76,0.1049,46.23,1.922,2.544,2.878
pal0p1,0.1% PAL,kasting,45.0,43.8711,OUTPUT_PLOT.dat,3.156,3.905,39.27,0.08369,38.71,1.598,2.149,2.449
pal0p1,0.1% PAL,kasting,50.0,43.8711,OUTPUT_PLOT.dat,2.654,3.303,34.49,0.0641,31.37,1.284,1.761,2.025
pal0p1,0.1% PAL,kasting,55.0,43.8711,OUTPUT_PLOT.dat,2.161,2.708,29.5,0.04694,24.49,0.9935,1.396,1.623
pal0p1,0.1% PAL,kasting,60.0,43.8711,OUTPUT_PLOT.dat,1.693,2.139,24.41,0.03274,18.31,0.7356,1.064,1.253
pal0p1,0.1% PAL,kasting,65.0,43.8711,OUTPUT_PLOT.dat,1.266,1.615,19.36,0.02171,13.03,0.5184,0.7766,0.9265
pal0p1,0.1% PAL,kasting,70.0,43.8711,OUTPUT_PLOT.dat,0.8945,1.152,14.51,0.0137,8.761,0.3453,0.5379,0.6505
pal0p1,0.1% PAL,kasting,75.0,43.8711,OUTPUT_PLOT.dat,0.5859,0.762,10.04,0.008258,5.514,0.2154,0.3491,0.4269
pal0p1,0.1% PAL,kasting,80.0,43.8711,OUTPUT_PLOT.dat,0.3433,0.4501,6.149,0.004718,3.174,0.1232,0.2059,0.2534
pal0p1,0.1% PAL,kasting,85.0,43.8711,OUTPUT_PLOT.dat,0.1632,0.2141,2.974,0.002379,1.541,0.05985,0.1002,0.1231
pal0p1,0.1% PAL,photochem,0.0,64.1089,Earth_0.1pc_48.2.txt,5.159,6.378,62.23,0.1366,63.33,2.614,3.495,3.965
pal0p1,0.1% PAL,photochem,5.0,64.1089,Earth_0.1pc_48.2.txt,5.123,6.335,61.92,0.135,62.77,2.591,3.466,3.934
pal0p1,0.1% PAL,photochem,10.0,64.1089,Earth_0.1pc_48.2.txt,5.014,6.206,60.99,0.1304,61.12,2.519,3.38,3.841
pal0p1,0.1% PAL,photochem,15.0,64.1089,Earth_0.1pc_48.2.txt,4.837,5.995,59.47,0.123,58.43,2.404,3.24,3.689
pal0p1,0.1% PAL,photochem,20.0,64.1089,Earth_0.1pc_48.2.txt,4.594,5.707,57.35,0.1131,54.8,2.248,3.05,3.485
pal0p1,0.1% PAL,photochem,25.0,64.1089,Earth_0.1pc_48.2.txt,4.293,5.347,54.68,0.1013,50.35,2.058,2.818,3.233
pal0p1,0.1% PAL,photochem,30.0,64.1089,Earth_0.1pc_48.2.txt,3.941,4.927,51.48,0.08819,45.25,1.841,2.552,2.943
pal0p1,0.1% PAL,photochem,35.0,64.1089,Earth_0.1pc_48.2.txt,3.548,4.455,47.8,0.07435,39.69,1.606,2.261,2.625
pal0p1,0.1% PAL,photochem,40.0,64.1089,Earth_0.1pc_48.2.txt,3.125,3.944,43.68,0.0605,33.87,1.362,1.955,2.288
pal0p1,0.1% PAL,photochem,45.0,64.1089,Earth_0.1pc_48.2.txt,2.684,3.41,39.2,0.0473,28.02,1.118,1.646,1.946
pal0p1,0.1% PAL,photochem,50.0,64.1089,Earth_0.1pc_48.2.txt,2.238,2.866,34.41,0.03534,22.37,0.8849,1.345,1.609
pal0p1,0.1% PAL,photochem,55.0,64.1089,Earth_0.1pc_48.2.txt,1.803,2.331,29.43,0.02507,17.13,0.6708,1.061,1.288
pal0p1,0.1% PAL,photochem,60.0,64.1089,Earth_0.1pc_48.2.txt,1.393,1.821,24.35,0.01679,12.5,0.4835,0.8053,0.9938
pal0p1,0.1% PAL,photochem,65.0,64.1089,Earth_0.1pc_48.2.txt,1.022,1.353,19.3,0.01056,8.627,0.3286,0.5836,0.7335
pal0p1,0.1% PAL,photochem,70.0,64.1089,Earth_0.1pc_48.2.txt,0.7022,0.9445,14.45,0.006242,5.577,0.2084,0.4003,0.5129
pal0p1,0.1% PAL,photochem,75.0,64.1089,Earth_0.1pc_48.2.txt,0.4425,0.6057,9.99,0.003506,3.345,0.1221,0.2563,0.3341
pal0p1,0.1% PAL,photochem,80.0,64.1089,Earth_0.1pc_48.2.txt,0.2463,0.3428,6.11,0.001909,1.835,0.06543,0.1488,0.1963
pal0p1,0.1% PAL,photochem,85.0,64.1089,Earth_0.1pc_48.2.txt,0.1121,0.1565,2.948,0.0009945,0.8817,0.03139,0.07193,0.09489
pal0p1,0.1% PAL,vulcan,0.0,34.6896,Earth_0.1pc_o2_1e12s_48.2SZA_WPT_1rtol.vul,6.549,7.812,62.38,0.3153,101.2,4.459,5.442,5.912
pal0p1,0.1% PAL,vulcan,5.0,34.6896,Earth_0.1pc_o2_1e12s_48.2SZA_WPT_1rtol.vul,6.505,7.761,62.07,0.3121,100.4,4.422,5.399,5.866
pal0p1,0.1% PAL,vulcan,10.0,34.6896,Earth_0.1pc_o2_1e12s_48.2SZA_WPT_1rtol.vul,6.375,7.61,61.14,0.3026,97.96,4.31,5.27,5.731
pal0p1,0.1% PAL,vulcan,15.0,34.6896,Earth_0.1pc_o2_1e12s_48.2SZA_WPT_1rtol.vul,6.161,7.363,59.62,0.2872,94.04,4.127,5.06,5.509
pal0p1,0.1% PAL,vulcan,20.0,34.6896,Earth_0.1pc_o2_1e12s_48.2SZA_WPT_1rtol.vul,5.868,7.023,57.5,0.2667,88.73,3.881,4.775,5.209
pal0p1,0.1% PAL,vulcan,25.0,34.6896,Earth_0.1pc_o2_1e12s_48.2SZA_WPT_1rtol.vul,5.503,6.599,54.82,0.2418,82.17,3.578,4.424,4.839
pal0p1,0.1% PAL,vulcan,30.0,34.6896,Earth_0.1pc_o2_1e12s_48.2SZA_WPT_1rtol.vul,5.075,6.102,51.62,0.2138,74.58,3.231,4.019,4.41
pal0p1,0.1% PAL,vulcan,35.0,34.6896,Earth_0.1pc_o2_1e12s_48.2SZA_WPT_1rtol.vul,4.595,5.541,47.93,0.1837,66.21,2.85,3.573,3.937
pal0p1,0.1% PAL,vulcan,40.0,34.6896,Earth_0.1pc_o2_1e12s_48.2SZA_WPT_1rtol.vul,4.075,4.932,43.81,0.153,57.33,2.449,3.102,3.435
pal0p1,0.1% PAL,vulcan,45.0,34.6896,Earth_0.1pc_o2_1e12s_48.2SZA_WPT_1rtol.vul,3.529,4.291,39.32,0.123,48.25,2.045,2.621,2.921
pal0p1,0.1% PAL,vulcan,50.0,34.6896,Earth_0.1pc_o2_1e12s_48.2SZA_WPT_1rtol.vul,2.974,3.636,34.53,0.09498,39.3,1.65,2.147,2.412
pal0p1,0.1% PAL,vulcan,55.0,34.6896,Earth_0.1pc_o2_1e12s_48.2SZA_WPT_1rtol.vul,2.427,2.986,29.54,0.07005,30.82,1.282,1.699,1.926
pal0p1,0.1% PAL,vulcan,60.0,34.6896,Earth_0.1pc_o2_1e12s_48.2SZA_WPT_1rtol.vul,1.905,2.362,24.45,0.04907,23.12,0.9513,1.29,1.479
pal0p1,0.1% PAL,vulcan,65.0,34.6896,Earth_0.1pc_o2_1e12s_48.2SZA_WPT_1rtol.vul,1.427,1.784,19.39,0.03252,16.46,0.6703,0.9347,1.085
pal0p1,0.1% PAL,vulcan,70.0,34.6896,Earth_0.1pc_o2_1e12s_48.2SZA_WPT_1rtol.vul,1.008,1.272,14.53,0.0204,11.03,0.4451,0.641,0.7535
pal0p1,0.1% PAL,vulcan,75.0,34.6896,Earth_0.1pc_o2_1e12s_48.2SZA_WPT_1rtol.vul,0.6591,0.8401,10.06,0.01222,6.902,0.2764,0.4116,0.4894
pal0p1,0.1% PAL,vulcan,80.0,34.6896,Earth_0.1pc_o2_1e12s_48.2SZA_WPT_1rtol.vul,0.3857,0.4955,6.16,0.007078,3.971,0.1585,0.2421,0.2897
pal0p1,0.1% PAL,vulcan,85.0,34.6896,Earth_0.1pc_o2_1e12s_48.2SZA_WPT_1rtol.vul,0.1854,0.2378,2.98,0.003802,1.992,0.0799,0.121,0.144
pal0p1,0.1% PAL,waccm,0.0,16.5312,Earth_0.1pc_o2.cam.h0.0033-0036.nc,7.988,9.278,62.47,0.659,148.8,7.246,8.223,8.693
pal0p1,0.1% PAL,waccm,5.0,16.5312,Earth_0.1pc_o2.cam.h0.0033-0036.nc,7.938,9.222,62.16,0.653,147.7,7.189,8.163,8.63
pal0p1,0.1% PAL,waccm,10.0,16.5312,Earth_0.1pc_o2.cam.h0.0033-0036.nc,7.789,9.052,61.23,0.6351,144.5,7.019,7.981,8.442
pal0p1,0.1% PAL,waccm,15.0,16.5312,Earth_0.1pc_o2.cam.h0.0033-0036.nc,7.54,8.769,59.7,0.604,139.2,6.729,7.673,8.123
pal0p1,0.1% PAL,waccm,20.0,16.5312,Earth_0.1pc_o2.cam.h0.0033-0036.nc,7.208,8.39,57.59,0.5672,132.2,6.365,7.28,7.714
pal0p1,0.1% PAL,waccm,25.0,16.5312,Earth_0.1pc_o2.cam.h0.0033-0036.nc,6.788,7.91,54.91,0.5198,123.4,5.903,6.782,7.197
pal0p1,0.1% PAL,waccm,30.0,16.5312,Earth_0.1pc_o2.cam.h0.0033-0036.nc,6.293,7.345,51.7,0.466,113.1,5.372,6.204,6.595
pal0p1,0.1% PAL,waccm,35.0,16.5312,Earth_0.1pc_o2.cam.h0.0033-0036.nc,5.731,6.703,48.01,0.4072,101.6,4.782,5.558,5.921
pal0p1,0.1% PAL,waccm,40.0,16.5312,Earth_0.1pc_o2.cam.h0.0033-0036.nc,5.124,6.006,43.89,0.3473,89.44,4.169,4.88,5.213
pal0p1,0.1% PAL,waccm,45.0,16.5312,Earth_0.1pc_o2.cam.h0.0033-0036.nc,4.481,5.266,39.4,0.2877,76.76,3.541,4.178,4.478
pal0p1,0.1% PAL,waccm,50.0,16.5312,Earth_0.1pc_o2.cam.h0.0033-0036.nc,3.82,4.503,34.61,0.2305,64.03,2.921,3.476,3.741
pal0p1,0.1% PAL,waccm,55.0,16.5312,Earth_0.1pc_o2.cam.h0.0033-0036.nc,3.16,3.739,29.61,0.1779,51.67,2.33,2.8,3.027
pal0p1,0.1% PAL,waccm,60.0,16.5312,Earth_0.1pc_o2.cam.h0.0033-0036.nc,2.522,2.998,24.51,0.1316,40.12,1.788,2.171,2.36
pal0p1,0.1% PAL,waccm,65.0,16.5312,Earth_0.1pc_o2.cam.h0.0033-0036.nc,1.928,2.302,19.45,0.09289,29.74,1.311,1.61,1.76
pal0p1,0.1% PAL,waccm,70.0,16.5312,Earth_0.1pc_o2.cam.h0.0033-0036.nc,1.394,1.673,14.58,0.06216,20.84,0.9102,1.13,1.243
pal0p1,0.1% PAL,waccm,75.0,16.5312,Earth_0.1pc_o2.cam.h0.0033-0036.nc,0.9365,1.13,10.1,0.03908,13.59,0.5894,0.7395,0.8173
pal0p1,0.1% PAL,waccm,80.0,16.5312,Earth_0.1pc_o2.cam.h0.0033-0036.nc,0.5614,0.68,6.191,0.02256,7.975,0.3448,0.4363,0.4838
pal0p1,0.1% PAL,waccm,85.0,16.5312,Earth_0.1pc_o2.cam.h0.0033-0036.nc,0.269,0.3263,2.998,0.01096,3.824,0.1657,0.2101,0.2331
pal0p1,0.1% PAL,waccm_eq,0.0,16.1674,Earth_0.1pc_o2.cam.h0.0033-0036.nc,8.083,9.376,62.47,0.6911,152.4,7.487,8.448,8.918
pal0p1,0.1% PAL,waccm_eq,5.0,16.1674,Earth_0.1pc_o2.cam.h0.0033-0036.nc,8.033,9.318,62.16,0.6848,151.3,7.427,8.386,8.853
pal0p1,0.1% PAL,waccm_eq,10.0,16.1674,Earth_0.1pc_o2.cam.h0.0033-0036.nc,7.882,9.147,61.24,0.666,148.0,7.25,8.199,8.659
pal0p1,0.1% PAL,waccm_eq,15.0,16.1674,Earth_0.1pc_o2.cam.h0.0033-0036.nc,7.635,8.865,59.71,0.6355,142.7,6.962,7.893,8.343
pal0p1,0.1% PAL,waccm_eq,20.0,16.1674,Earth_0.1pc_o2.cam.h0.0033-0036.nc,7.292,8.475,57.59,0.5927,135.3,6.562,7.468,7.902
pal0p1,0.1% PAL,waccm_eq,25.0,16.1674,Earth_0.1pc_o2.cam.h0.0033-0036.nc,6.87,7.994,54.91,0.5448,126.4,6.094,6.965,7.38
pal0p1,0.1% PAL,waccm_eq,30.0,16.1674,Earth_0.1pc_o2.cam.h0.0033-0036.nc,6.369,7.422,51.71,0.4882,115.9,5.543,6.37,6.761
pal0p1,0.1% PAL,waccm_eq,35.0,16.1674,Earth_0.1pc_o2.cam.h0.0033-0036.nc,5.803,6.776,48.02,0.427,104.1,4.937,5.711,6.074
pal0p1,0.1% PAL,waccm_eq,40.0,16.1674,Earth_0.1pc_o2.cam.h0.0033-0036.nc,5.186,6.069,43.89,0.3637,91.58,4.297,5.007,5.341
pal0p1,0.1% PAL,waccm_eq,45.0,16.1674,Earth_0.1pc_o2.cam.h0.0033-0036.nc,4.534,5.32,39.4,0.3006,78.55,3.645,4.282,4.582
pal0p1,0.1% PAL,waccm_eq,50.0,16.1674,Earth_0.1pc_o2.cam.h0.0033-0036.nc,3.863,4.547,34.61,0.2402,65.46,3.002,3.559,3.823
pal0p1,0.1% PAL,waccm_eq,55.0,16.1674,Earth_0.1pc_o2.cam.h0.0033-0036.nc,3.193,3.773,29.61,0.1848,52.75,2.389,2.861,3.088
pal0p1,0.1% PAL,waccm_eq,60.0,16.1674,Earth_0.1pc_o2.cam.h0.0033-0036.nc,2.546,3.022,24.51,0.136,40.85,1.827,2.212,2.401
pal0p1,0.1% PAL,waccm_eq,65.0,16.1674,Earth_0.1pc_o2.cam.h0.0033-0036.nc,1.941,2.316,19.45,0.09525,30.16,1.333,1.633,1.783
pal0p1,0.1% PAL,waccm_eq,70.0,16.1674,Earth_0.1pc_o2.cam.h0.0033-0036.nc,1.4,1.679,14.58,0.06301,21.01,0.9184,1.139,1.251
pal0p1,0.1% PAL,waccm_eq,75.0,16.1674,Earth_0.1pc_o2.cam.h0.0033-0036.nc,0.9358,1.129,10.1,0.03903,13.57,0.5887,0.7387,0.8165
pal0p1,0.1% PAL,waccm_eq,80.0,16.1674,Earth_0.1pc_o2.cam.h0.0033-0036.nc,0.5573,0.6758,6.191,0.02219,7.875,0.3403,0.4314,0.479
pal0p1,0.1% PAL,waccm_eq,85.0,16.1674,Earth_0.1pc_o2.cam.h0.0033-0036.nc,0.2653,0.3224,2.997,0.01069,3.744,0.1621,0.2064,0.2293
pal1,1% PAL,atmos,0.0,172.6678,PTZ_mixingratios_out.dist,2.987,4.059,61.7,0.02246,22.38,0.8253,1.661,2.131
pal1,1% PAL,atmos,5.0,172.6678,PTZ_mixingratios_out.dist,2.963,4.029,61.39,0.02217,22.16,0.8165,1.648,2.116
pal1,1% PAL,atmos,10.0,172.6678,PTZ_mixingratios_out.dist,2.893,3.939,60.46,0.0213,21.51,0.7907,1.61,2.071
pal1,1% PAL,atmos,15.0,172.6678,PTZ_mixingratios_out.dist,2.778,3.792,58.94,0.01991,20.46,0.749,1.548,1.998
pal1,1% PAL,atmos,20.0,172.6678,PTZ_mixingratios_out.dist,2.622,3.592,56.84,0.01808,19.04,0.6933,1.465,1.899
pal1,1% PAL,atmos,25.0,172.6678,PTZ_mixingratios_out.dist,2.428,3.344,54.18,0.01594,17.33,0.626,1.363,1.777
pal1,1% PAL,atmos,30.0,172.6678,PTZ_mixingratios_out.dist,2.204,3.055,50.99,0.0136,15.4,0.5503,1.245,1.636
pal1,1% PAL,atmos,35.0,172.6678,PTZ_mixingratios_out.dist,1.956,2.733,47.32,0.0112,13.33,0.4695,1.116,1.479
pal1,1% PAL,atmos,40.0,172.6678,PTZ_mixingratios_out.dist,1.693,2.388,43.22,0.008881,11.21,0.3875,0.9795,1.313
pal1,1% PAL,atmos,45.0,172.6678,PTZ_mixingratios_out.dist,1.422,2.03,38.76,0.006742,9.125,0.3077,0.8405,1.141
pal1,1% PAL,atmos,50.0,172.6678,PTZ_mixingratios_out.dist,1.153,1.671,34.0,0.004875,7.16,0.2335,0.703,0.9673
pal1,1% PAL,atmos,55.0,172.6678,PTZ_mixingratios_out.dist,0.8962,1.323,29.05,0.003336,5.387,0.168,0.5709,0.7978
pal1,1% PAL,atmos,60.0,172.6678,PTZ_mixingratios_out.dist,0.6613,0.9985,24.0,0.002145,3.86,0.1132,0.4477,0.6362
pal1,1% PAL,atmos,65.0,172.6678,PTZ_mixingratios_out.dist,0.4569,0.7096,18.99,0.001286,2.613,0.07044,0.3365,0.4865
pal1,1% PAL,atmos,70.0,172.6678,PTZ_mixingratios_out.dist,0.2899,0.4662,14.19,0.0007159,1.652,0.03983,0.2396,0.3521
pal1,1% PAL,atmos,75.0,172.6678,PTZ_mixingratios_out.dist,0.1641,0.2753,9.774,0.0003709,0.9618,0.02019,0.1583,0.2361
pal1,1% PAL,atmos,80.0,172.6678,PTZ_mixingratios_out.dist,0.07953,0.1391,5.948,0.0001832,0.5033,0.009331,0.09342,0.1409
pal1,1% PAL,atmos,85.0,172.6678,PTZ_mixingratios_out.dist,0.03202,0.05587,2.848,8.928e-05,0.2252,0.004329,0.04407,0.06702
pal1,1% PAL,kasting,0.0,103.4509,OUTPUT_PLOT.dat,4.008,5.164,62.01,0.05857,38.75,1.524,2.36,2.83
pal1,1% PAL,kasting,5.0,103.4509,OUTPUT_PLOT.dat,3.979,5.129,61.7,0.05784,38.39,1.51,2.341,2.808
pal1,1% PAL,kasting,10.0,103.4509,OUTPUT_PLOT.dat,3.89,5.02,60.77,0.05568,37.31,1.465,2.284,2.744
pal1,1% PAL,kasting,15.0,103.4509,OUTPUT_PLOT.dat,3.745,4.843,59.25,0.05223,35.55,1.393,2.19,2.639
pal1,1% PAL,kasting,20.0,103.4509,OUTPUT_PLOT.dat,3.547,4.6,57.14,0.04768,33.19,1.297,2.064,2.498
pal1,1% PAL,kasting,25.0,103.4509,OUTPUT_PLOT.dat,3.304,4.3,54.47,0.04229,30.32,1.18,1.91,2.324
pal1,1% PAL,kasting,30.0,103.4509,OUTPUT_PLOT.dat,3.019,3.947,51.28,0.03619,27.03,1.046,1.732,2.122
pal1,1% PAL,kasting,35.0,103.4509,OUTPUT_PLOT.dat,2.702,3.554,47.6,0.03024,23.54,0.9047,1.541,1.905
pal1,1% PAL,kasting,40.0,103.4509,OUTPUT_PLOT.dat,2.365,3.132,43.49,0.02423,19.91,0.7588,1.34,1.673
pal1,1% PAL,kasting,45.0,103.4509,OUTPUT_PLOT.dat,2.015,2.691,39.02,0.01863,16.32,0.6151,1.136,1.436
pal1,1% PAL,kasting,50.0,103.4509,OUTPUT_PLOT.dat,1.664,2.246,34.25,0.01369,12.91,0.4798,0.9376,1.202
pal1,1% PAL,kasting,55.0,103.4509,OUTPUT_PLOT.dat,1.326,1.811,29.27,0.009577,9.807,0.3581,0.7504,0.9773
pal1,1% PAL,kasting,60.0,103.4509,OUTPUT_PLOT.dat,1.011,1.402,24.21,0.006359,7.123,0.254,0.5799,0.7684
pal1,1% PAL,kasting,65.0,103.4509,OUTPUT_PLOT.dat,0.7317,1.031,19.18,0.004015,4.921,0.1703,0.4301,0.58
pal1,1% PAL,kasting,70.0,103.4509,OUTPUT_PLOT.dat,0.4965,0.7131,14.35,0.002432,3.221,0.1074,0.3034,0.416
pal1,1% PAL,kasting,75.0,103.4509,OUTPUT_PLOT.dat,0.3113,0.4553,9.914,0.00144,1.991,0.06392,0.2006,0.2784
pal1,1% PAL,kasting,80.0,103.4509,OUTPUT_PLOT.dat,0.1763,0.2608,6.06,0.0008468,1.151,0.03623,0.1204,0.1679
pal1,1% PAL,kasting,85.0,103.4509,OUTPUT_PLOT.dat,0.08579,0.1254,2.926,0.0004691,0.5893,0.01909,0.05954,0.08249
pal1,1% PAL,photochem,0.0,148.1953,Earth_1pc_48.2.txt,3.328,4.434,61.82,0.03113,27.08,1.025,1.856,2.326
pal1,1% PAL,photochem,5.0,148.1953,Earth_1pc_48.2.txt,3.303,4.402,61.51,0.03073,26.82,1.014,1.841,2.309
pal1,1% PAL,photochem,10.0,148.1953,Earth_1pc_48.2.txt,3.226,4.305,60.59,0.02954,26.03,0.9832,1.798,2.258
pal1,1% PAL,photochem,15.0,148.1953,Earth_1pc_48.2.txt,3.101,4.148,59.06,0.02764,24.77,0.9326,1.727,2.176
pal1,1% PAL,photochem,20.0,148.1953,Earth_1pc_48.2.txt,2.929,3.932,56.96,0.02513,23.06,0.8644,1.631,2.065
pal1,1% PAL,photochem,25.0,148.1953,Earth_1pc_48.2.txt,2.719,3.667,54.29,0.02219,21.02,0.783,1.514,1.928
pal1,1% PAL,photochem,30.0,148.1953,Earth_1pc_48.2.txt,2.474,3.356,51.1,0.01897,18.69,0.6907,1.38,1.77
pal1,1% PAL,photochem,35.0,148.1953,Earth_1pc_48.2.txt,2.203,3.009,47.43,0.01566,16.19,0.5918,1.232,1.596
pal1,1% PAL,photochem,40.0,148.1953,Earth_1pc_48.2.txt,1.913,2.636,43.33,0.01244,13.62,0.4909,1.078,1.411
pal1,1% PAL,photochem,45.0,148.1953,Earth_1pc_48.2.txt,1.613,2.248,38.86,0.009456,11.09,0.3922,0.9201,1.22
pal1,1% PAL,photochem,50.0,148.1953,Earth_1pc_48.2.txt,1.316,1.858,34.1,0.006846,8.698,0.3,0.7651,1.029
pal1,1% PAL,photochem,55.0,148.1953,Earth_1pc_48.2.txt,1.03,1.479,29.13,0.004687,6.536,0.2178,0.6173,0.8442
pal1,1% PAL,photochem,60.0,148.1953,Earth_1pc_48.2.txt,0.7664,1.123,24.08,0.003011,4.672,0.1484,0.4806,0.6691
pal1,1% PAL,photochem,65.0,148.1953,Earth_1pc_48.2.txt,0.535,0.8039,19.06,0.001801,3.149,0.09359,0.3584,0.5083
pal1,1% PAL,photochem,70.0,148.1953,Earth_1pc_48.2.txt,0.3435,0.5329,14.24,0.0009952,1.978,0.05364,0.253,0.3655
pal1,1% PAL,photochem,75.0,148.1953,Earth_1pc_48.2.txt,0.197,0.3178,9.818,0.0005072,1.139,0.02742,0.1658,0.2436
pal1,1% PAL,photochem,80.0,148.1953,Earth_1pc_48.2.txt,0.09616,0.1619,5.979,0.0002394,0.5845,0.01238,0.09701,0.1445
pal1,1% PAL,photochem,85.0,148.1953,Earth_1pc_48.2.txt,0.03699,0.06362,2.865,0.0001028,0.2475,0.004997,0.04521,0.06817
pal1,1% PAL,vulcan,0.0,115.8874,Earth_1pc_o2_1e12s_48.2SZA_WPT_1rtol.vul,3.904,5.055,61.99,0.05208,36.51,1.427,2.259,2.729
pal1,1% PAL,vulcan,5.0,115.8874,Earth_1pc_o2_1e12s_48.2SZA_WPT_1rtol.vul,3.874,5.019,61.68,0.05142,36.16,1.413,2.241,2.708
pal1,1% PAL,vulcan,10.0,115.8874,Earth_1pc_o2_1e12s_48.2SZA_WPT_1rtol.vul,3.787,4.912,60.76,0.04948,35.13,1.371,2.186,2.646
pal1,1% PAL,vulcan,15.0,115.8874,Earth_1pc_o2_1e12s_48.2SZA_WPT_1rtol.vul,3.644,4.736,59.23,0.04637,33.45,1.303,2.096,2.546
pal1,1% PAL,vulcan,20.0,115.8874,Earth_1pc_o2_1e12s_48.2SZA_WPT_1rtol.vul,3.45,4.49,57.11,0.04228,31.2,1.211,1.975,2.409
pal1,1% PAL,vulcan,25.0,115.8874,Earth_1pc_o2_1e12s_48.2SZA_WPT_1rtol.vul,3.209,4.199,54.45,0.03743,28.47,1.1,1.828,2.242
pal1,1% PAL,vulcan,30.0,115.8874,Earth_1pc_o2_1e12s_48.2SZA_WPT_1rtol.vul,2.929,3.852,51.26,0.0321,25.36,0.9743,1.659,2.05
pal1,1% PAL,vulcan,35.0,115.8874,Earth_1pc_o2_1e12s_48.2SZA_WPT_1rtol.vul,2.616,3.462,47.58,0.02658,21.99,0.8385,1.474,1.838
pal1,1% PAL,vulcan,40.0,115.8874,Earth_1pc_o2_1e12s_48.2SZA_WPT_1rtol.vul,2.283,3.044,43.47,0.02119,18.54,0.7004,1.281,1.614
pal1,1% PAL,vulcan,45.0,115.8874,Earth_1pc_o2_1e12s_48.2SZA_WPT_1rtol.vul,1.937,2.607,38.99,0.01616,15.11,0.564,1.085,1.385
pal1,1% PAL,vulcan,50.0,115.8874,Earth_1pc_o2_1e12s_48.2SZA_WPT_1rtol.vul,1.591,2.166,34.22,0.01172,11.86,0.4353,0.8941,1.158
pal1,1% PAL,vulcan,55.0,115.8874,Earth_1pc_o2_1e12s_48.2SZA_WPT_1rtol.vul,1.257,1.735,29.25,0.008041,8.909,0.3198,0.7135,0.9404
pal1,1% PAL,vulcan,60.0,115.8874,Earth_1pc_o2_1e12s_48.2SZA_WPT_1rtol.vul,0.9456,1.329,24.18,0.00517,6.356,0.2212,0.5487,0.7371
pal1,1% PAL,vulcan,65.0,115.8874,Earth_1pc_o2_1e12s_48.2SZA_WPT_1rtol.vul,0.6695,0.9612,19.15,0.003095,4.271,0.1422,0.4037,0.5537
pal1,1% PAL,vulcan,70.0,115.8874,Earth_1pc_o2_1e12s_48.2SZA_WPT_1rtol.vul,0.4382,0.6461,14.32,0.001723,2.675,0.08377,0.2813,0.3939
pal1,1% PAL,vulcan,75.0,115.8874,Earth_1pc_o2_1e12s_48.2SZA_WPT_1rtol.vul,0.2581,0.393,9.879,0.000901,1.545,0.04462,0.1825,0.2603
pal1,1% PAL,vulcan,80.0,115.8874,Earth_1pc_o2_1e12s_48.2SZA_WPT_1rtol.vul,0.1316,0.207,6.023,0.0004567,0.8098,0.02165,0.1064,0.1539
pal1,1% PAL,vulcan,85.0,115.8874,Earth_1pc_o2_1e12s_48.2SZA_WPT_1rtol.vul,0.05526,0.08726,2.892,0.0002264,0.3697,0.009955,0.0504,0.07336
pal1,1% PAL,waccm,0.0,57.9193,Earth_1pc_o2.cam.h0.0045-0048.nc,5.348,6.574,62.25,0.1556,68.08,2.835,3.728,4.198
pal1,1% PAL,waccm,5.0,57.9193,Earth_1pc_o2.cam.h0.0045-0048.nc,5.31,6.529,61.94,0.1539,67.49,2.81,3.698,4.165
pal1,1% PAL,waccm,10.0,57.9193,Earth_1pc_o2.cam.h0.0045-0048.nc,5.199,6.398,61.01,0.1487,65.74,2.734,3.606,4.067
pal1,1% PAL,waccm,15.0,57.9193,Earth_1pc_o2.cam.h0.0045-0048.nc,5.016,6.182,59.49,0.1404,62.89,2.609,3.457,3.907
pal1,1% PAL,waccm,20.0,57.9193,Earth_1pc_o2.cam.h0.0045-0048.nc,4.768,5.887,57.37,0.1294,59.05,2.443,3.256,3.69
pal1,1% PAL,waccm,25.0,57.9193,Earth_1pc_o2.cam.h0.0045-0048.nc,4.458,5.52,54.7,0.1161,54.33,2.24,3.01,3.424
pal1,1% PAL,waccm,30.0,57.9193,Earth_1pc_o2.cam.h0.0045-0048.nc,4.096,5.088,51.5,0.1013,48.91,2.007,2.726,3.117
pal1,1% PAL,waccm,35.0,57.9193,Earth_1pc_o2.cam.h0.0045-0048.nc,3.692,4.605,47.82,0.08573,42.99,1.755,2.417,2.78
pal1,1% PAL,waccm,40.0,57.9193,Earth_1pc_o2.cam.h0.0045-0048.nc,3.256,4.082,43.7,0.07007,36.79,1.492,2.091,2.424
pal1,1% PAL,waccm,45.0,57.9193,Earth_1pc_o2.cam.h0.0045-0048.nc,2.802,3.534,39.21,0.05509,30.54,1.229,1.762,2.062
pal1,1% PAL,waccm,50.0,57.9193,Earth_1pc_o2.cam.h0.0045-0048.nc,2.343,2.976,34.43,0.04145,24.49,0.9773,1.44,1.704
pal1,1% PAL,waccm,55.0,57.9193,Earth_1pc_o2.cam.h0.0045-0048.nc,1.893,2.426,29.45,0.02969,18.86,0.7455,1.138,1.365
pal1,1% PAL,waccm,60.0,57.9193,Earth_1pc_o2.cam.h0.0045-0048.nc,1.469,1.902,24.36,0.02012,13.86,0.5419,0.8645,1.053
pal1,1% PAL,waccm,65.0,57.9193,Earth_1pc_o2.cam.h0.0045-0048.nc,1.085,1.421,19.32,0.01286,9.656,0.3725,0.6276,0.7776
pal1,1% PAL,waccm,70.0,57.9193,Earth_1pc_o2.cam.h0.0045-0048.nc,0.7523,0.9991,14.47,0.007757,6.318,0.2401,0.4316,0.5441
pal1,1% PAL,waccm,75.0,57.9193,Earth_1pc_o2.cam.h0.0045-0048.nc,0.4803,0.6474,10.0,0.004441,3.844,0.1435,0.2771,0.3549
pal1,1% PAL,waccm,80.0,57.9193,Earth_1pc_o2.cam.h0.0045-0048.nc,0.2719,0.3717,6.122,0.002423,2.131,0.07818,0.1611,0.2086
pal1,1% PAL,waccm,85.0,57.9193,Earth_1pc_o2.cam.h0.0045-0048.nc,0.1247,0.1713,2.957,0.001197,1.006,0.03674,0.07714,0.1001
pal1,1% PAL,waccm_eq,0.0,49.4895,Earth_1pc_o2.cam.h0.0045-0048.nc,5.764,7.004,62.3,0.2009,78.82,3.342,4.264,4.734
pal1,1% PAL,waccm_eq,5.0,49.4895,Earth_1pc_o2.cam.h0.0045-0048.nc,5.723,6.957,61.99,0.1987,78.15,3.312,4.229,4.696
pal1,1% PAL,waccm_eq,10.0,49.4895,Earth_1pc_o2.cam.h0.0045-0048.nc,5.606,6.819,61.06,0.1923,76.18,3.224,4.125,4.586
pal1,1% PAL,waccm_eq,15.0,49.4895,Earth_1pc_o2.cam.h0.0045-0048.nc,5.412,6.591,59.53,0.1819,72.96,3.081,3.956,4.405
pal1,1% PAL,waccm_eq,20.0,49.4895,Earth_1pc_o2.cam.h0.0045-0048.nc,5.146,6.28,57.42,0.168,68.6,2.888,3.727,4.161
pal1,1% PAL,waccm_eq,25.0,49.4895,Earth_1pc_o2.cam.h0.0045-0048.nc,4.816,5.891,54.75,0.1513,63.24,2.652,3.446,3.86
pal1,1% PAL,waccm_eq,30.0,49.4895,Earth_1pc_o2.cam.h0.0045-0048.nc,4.427,5.433,51.54,0.1325,57.04,2.381,3.121,3.512
pal1,1% PAL,waccm_eq,35.0,49.4895,Earth_1pc_o2.cam.h0.0045-0048.nc,3.998,4.924,47.86,0.1126,50.3,2.088,2.767,3.131
pal1,1% PAL,waccm_eq,40.0,49.4895,Earth_1pc_o2.cam.h0.0045-0048.nc,3.531,4.369,43.74,0.09251,43.18,1.78,2.394,2.727
pal1,1% PAL,waccm_eq,45.0,49.4895,Earth_1pc_o2.cam.h0.0045-0048.nc,3.043,3.787,39.25,0.07313,35.96,1.471,2.015,2.315
pal1,1% PAL,waccm_eq,50.0,49.4895,Earth_1pc_o2.cam.h0.0045-0048.nc,2.549,3.193,34.47,0.05531,28.92,1.173,1.644,1.908
pal1,1% PAL,waccm_eq,55.0,49.4895,Earth_1pc_o2.cam.h0.0045-0048.nc,2.064,2.607,29.48,0.03977,22.33,0.8972,1.295,1.522
pal1,1% PAL,waccm_eq,60.0,49.4895,Earth_1pc_o2.cam.h0.0045-0048.nc,1.604,2.046,24.39,0.02699,16.44,0.6532,0.9785,1.167
pal1,1% PAL,waccm_eq,65.0,49.4895,Earth_1pc_o2.cam.h0.0045-0048.nc,1.186,1.53,19.34,0.01717,11.43,0.4486,0.7047,0.8546
pal1,1% PAL,waccm_eq,70.0,49.4895,Earth_1pc_o2.cam.h0.0045-0048.nc,0.8221,1.075,14.49,0.01022,7.428,0.2876,0.479,0.5916
pal1,1% PAL,waccm_eq,75.0,49.4895,Earth_1pc_o2.cam.h0.0045-0048.nc,0.5231,0.6944,10.02,0.005705,4.454,0.1697,0.303,0.3808
pal1,1% PAL,waccm_eq,80.0,49.4895,Earth_1pc_o2.cam.h0.0045-0048.nc,0.2932,0.3954,6.132,0.003018,2.414,0.09042,0.1732,0.2207
pal1,1% PAL,waccm_eq,85.0,49.4895,Earth_1pc_o2.cam.h0.0045-0048.nc,0.1318,0.1791,2.96,0.001472,1.116,0.04148,0.08198,0.1049
pal10,10% PAL,atmos,0.0,229.7349,PTZ_mixingratios_out.dist,2.457,3.466,61.46,0.01275,16.19,0.5602,1.408,1.878
pal10,10% PAL,atmos,5.0,229.7349,PTZ_mixingratios_out.dist,2.437,3.44,61.15,0.01258,16.03,0.5539,1.398,1.865
pal10,10% PAL,atmos,10.0,229.7349,PTZ_mixingratios_out.dist,2.376,3.36,60.23,0.01208,15.55,0.5355,1.367,1.828
pal10,10% PAL,atmos,15.0,229.7349,PTZ_mixingratios_out.dist,2.277,3.23,58.71,0.01126,14.77,0.5054,1.317,1.766
pal10,10% PAL,atmos,20.0,229.7349,PTZ_mixingratios_out.dist,2.143,3.053,56.61,0.01023,13.75,0.4663,1.25,1.684
pal10,10% PAL,atmos,25.0,229.7349,PTZ_mixingratios_out.dist,1.977,2.834,53.95,0.008999,12.51,0.4188,1.167,1.581
pal10,10% PAL,atmos,30.0,229.7349,PTZ_mixingratios_out.dist,1.785,2.579,50.77,0.007662,11.11,0.3655,1.071,1.462
pal10,10% PAL,atmos,35.0,229.7349,PTZ_mixingratios_out.dist,1.574,2.296,47.11,0.006296,9.61,0.3089,0.9652,1.329
pal10,10% PAL,atmos,40.0,229.7349,PTZ_mixingratios_out.dist,1.35,1.993,43.02,0.004974,8.076,0.2519,0.8529,1.186
pal10,10% PAL,atmos,45.0,229.7349,PTZ_mixingratios_out.dist,1.122,1.681,38.56,0.00376,6.57,0.1969,0.7373,1.037
pal10,10% PAL,atmos,50.0,229.7349,PTZ_mixingratios_out.dist,0.8969,1.369,33.82,0.002704,5.153,0.1463,0.6218,0.8861
pal10,10% PAL,atmos,55.0,229.7349,PTZ_mixingratios_out.dist,0.6844,1.069,28.88,0.001837,3.874,0.1024,0.5095,0.7364
pal10,10% PAL,atmos,60.0,229.7349,PTZ_mixingratios_out.dist,0.4925,0.7922,23.84,0.001167,2.772,0.06638,0.4033,0.5918
pal10,10% PAL,atmos,65.0,229.7349,PTZ_mixingratios_out.dist,0.3286,0.5486,18.85,0.0006868,1.871,0.03913,0.3058,0.4558
pal10,10% PAL,atmos,70.0,229.7349,PTZ_mixingratios_out.dist,0.1981,0.3472,14.06,0.0003702,1.175,0.02043,0.2194,0.3319
pal10,10% PAL,atmos,75.0,229.7349,PTZ_mixingratios_out.dist,0.1037,0.1934,9.671,0.0001815,0.6735,0.0092,0.1457,0.2235
pal10,10% PAL,atmos,80.0,229.7349,PTZ_mixingratios_out.dist,0.04437,0.08875,5.867,8.113e-05,0.3403,0.003611,0.08589,0.1334
pal10,10% PAL,atmos,85.0,229.7349,PTZ_mixingratios_out.dist,0.01494,0.03029,2.793,3.297e-05,0.1395,0.00141,0.03983,0.06278
pal10,10% PAL,kasting,0.0,238.8993,OUTPUT_PLOT.dat,2.396,3.396,61.43,0.01194,15.59,0.5342,1.384,1.853
pal10,10% PAL,kasting,5.0,238.8993,OUTPUT_PLOT.dat,2.376,3.37,61.12,0.01178,15.43,0.5283,1.373,1.841
pal10,10% PAL,kasting,10.0,238.8993,OUTPUT_PLOT.dat,2.316,3.292,60.2,0.01131,14.97,0.5106,1.344,1.804
pal10,10% PAL,kasting,15.0,238.8993,OUTPUT_PLOT.dat,2.219,3.163,58.68,0.01055,14.23,0.482,1.295,1.744
pal10,10% PAL,kasting,20.0,238.8993,OUTPUT_PLOT.dat,2.087,2.989,56.58,0.009569,13.24,0.444,1.229,1.663
pal10,10% PAL,kasting,25.0,238.8993,OUTPUT_PLOT.dat,1.924,2.772,53.92,0.008404,12.03,0.398,1.147,1.562
pal10,10% PAL,kasting,30.0,238.8993,OUTPUT_PLOT.dat,1.735,2.521,50.74,0.007152,10.68,0.3467,1.053,1.444
pal10,10% PAL,kasting,35.0,238.8993,OUTPUT_PLOT.dat,1.529,2.243,47.08,0.005877,9.24,0.2929,0.9503,1.314
pal10,10% PAL,kasting,40.0,238.8993,OUTPUT_PLOT.dat,1.309,1.945,42.99,0.004638,7.762,0.2382,0.8402,1.174
pal10,10% PAL,kasting,45.0,238.8993,OUTPUT_PLOT.dat,1.086,1.638,38.54,0.003502,6.313,0.1857,0.7269,1.027
pal10,10% PAL,kasting,50.0,238.8993,OUTPUT_PLOT.dat,0.8661,1.332,33.79,0.002515,4.949,0.1375,0.6135,0.8779
pal10,10% PAL,kasting,55.0,238.8993,OUTPUT_PLOT.dat,0.6594,1.038,28.85,0.001707,3.722,0.09584,0.5032,0.7302
pal10,10% PAL,kasting,60.0,238.8993,OUTPUT_PLOT.dat,0.4732,0.7677,23.82,0.001086,2.666,0.06193,0.3989,0.5873
pal10,10% PAL,kasting,65.0,238.8993,OUTPUT_PLOT.dat,0.315,0.5308,18.83,0.0006427,1.804,0.03648,0.303,0.453
pal10,10% PAL,kasting,70.0,238.8993,OUTPUT_PLOT.dat,0.1901,0.336,14.05,0.0003526,1.141,0.01925,0.2179,0.3304
pal10,10% PAL,kasting,75.0,238.8993,OUTPUT_PLOT.dat,0.101,0.1888,9.66,0.0001806,0.6653,0.009076,0.1453,0.2231
pal10,10% PAL,kasting,80.0,238.8993,OUTPUT_PLOT.dat,0.0459,0.09005,5.863,8.822e-05,0.3487,0.004059,0.08612,0.1336
pal10,10% PAL,kasting,85.0,238.8993,OUTPUT_PLOT.dat,0.01836,0.0351,2.798,4.093e-05,0.1537,0.001914,0.04042,0.06337
pal10,10% PAL,photochem,0.0,261.5609,Earth_10pc_48.2.txt,2.222,3.197,61.33,0.009799,13.92,0.4624,1.316,1.786
pal10,10% PAL,photochem,5.0,261.5609,Earth_10pc_48.2.txt,2.203,3.172,61.02,0.009667,13.79,0.4571,1.307,1.774
pal10,10% PAL,photochem,10.0,261.5609,Earth_10pc_48.2.txt,2.147,3.097,60.1,0.009279,13.38,0.4416,1.279,1.74
pal10,10% PAL,photochem,15.0,261.5609,Earth_10pc_48.2.txt,2.055,2.975,58.58,0.008662,12.72,0.4165,1.234,1.683
pal10,10% PAL,photochem,20.0,261.5609,Earth_10pc_48.2.txt,1.931,2.809,56.48,0.007853,11.83,0.383,1.172,1.606
pal10,10% PAL,photochem,25.0,261.5609,Earth_10pc_48.2.txt,1.778,2.603,53.83,0.006905,10.76,0.3429,1.096,1.51
pal10,10% PAL,photochem,30.0,261.5609,Earth_10pc_48.2.txt,1.6,2.363,50.65,0.005875,9.556,0.2981,1.008,1.399
pal10,10% PAL,photochem,35.0,261.5609,Earth_10pc_48.2.txt,1.406,2.099,46.99,0.004823,8.269,0.2507,0.911,1.275
pal10,10% PAL,photochem,40.0,261.5609,Earth_10pc_48.2.txt,1.201,1.816,42.91,0.003807,6.952,0.203,0.8074,1.141
pal10,10% PAL,photochem,45.0,261.5609,Earth_10pc_48.2.txt,0.9919,1.525,38.46,0.002875,5.66,0.1573,0.7004,1.0
pal10,10% PAL,photochem,50.0,261.5609,Earth_10pc_48.2.txt,0.7874,1.236,33.72,0.002065,4.443,0.1157,0.5929,0.8572
pal10,10% PAL,photochem,55.0,261.5609,Earth_10pc_48.2.txt,0.5954,0.9586,28.78,0.001401,3.346,0.07987,0.4878,0.7147
pal10,10% PAL,photochem,60.0,261.5609,Earth_10pc_48.2.txt,0.4236,0.7044,23.76,0.0008908,2.401,0.05095,0.3878,0.5763
pal10,10% PAL,photochem,65.0,261.5609,Earth_10pc_48.2.txt,0.2786,0.4827,18.78,0.000526,1.627,0.02946,0.2954,0.4454
pal10,10% PAL,photochem,70.0,261.5609,Earth_10pc_48.2.txt,0.1652,0.3016,14.0,0.0002866,1.03,0.01511,0.2129,0.3255
pal10,10% PAL,photochem,75.0,261.5609,Earth_10pc_48.2.txt,0.08523,0.166,9.623,0.0001442,0.5981,0.006803,0.1421,0.2199
pal10,10% PAL,photochem,80.0,261.5609,Earth_10pc_48.2.txt,0.03683,0.07622,5.834,6.727e-05,0.3091,0.002816,0.08413,0.1316
pal10,10% PAL,photochem,85.0,261.5609,Earth_10pc_48.2.txt,0.01342,0.02752,2.779,2.793e-05,0.1304,0.001163,0.03919,0.06214
pal10,10% PAL,vulcan,0.0,202.8367,Earth_10pc_o2_1e12s_48.2SZA_WPT_1rtol.vul,2.787,3.839,61.62,0.01789,19.75,0.7132,1.552,2.022
pal10,10% PAL,vulcan,5.0,202.8367,Earth_10pc_o2_1e12s_48.2SZA_WPT_1rtol.vul,2.764,3.809,61.31,0.01765,19.55,0.7054,1.541,2.008
pal10,10% PAL,vulcan,10.0,202.8367,Earth_10pc_o2_1e12s_48.2SZA_WPT_1rtol.vul,2.697,3.723,60.39,0.01695,18.97,0.6826,1.506,1.966
pal10,10% PAL,vulcan,15.0,202.8367,Earth_10pc_o2_1e12s_48.2SZA_WPT_1rtol.vul,2.588,3.582,58.87,0.01583,18.03,0.6456,1.449,1.898
pal10,10% PAL,vulcan,20.0,202.8367,Earth_10pc_o2_1e12s_48.2SZA_WPT_1rtol.vul,2.438,3.389,56.76,0.01436,16.77,0.5962,1.372,1.806
pal10,10% PAL,vulcan,25.0,202.8367,Earth_10pc_o2_1e12s_48.2SZA_WPT_1rtol.vul,2.254,3.15,54.09,0.01263,15.25,0.5368,1.277,1.691
pal10,10% PAL,vulcan,30.0,202.8367,Earth_10pc_o2_1e12s_48.2SZA_WPT_1rtol.vul,2.04,2.871,50.91,0.01075,13.52,0.4699,1.168,1.559
pal10,10% PAL,vulcan,35.0,202.8367,Earth_10pc_o2_1e12s_48.2SZA_WPT_1rtol.vul,1.804,2.561,47.25,0.008826,11.68,0.3987,1.049,1.412
pal10,10% PAL,vulcan,40.0,202.8367,Earth_10pc_o2_1e12s_48.2SZA_WPT_1rtol.vul,1.553,2.229,43.15,0.006959,9.792,0.3264,0.9222,1.255
pal10,10% PAL,vulcan,45.0,202.8367,Earth_10pc_o2_1e12s_48.2SZA_WPT_1rtol.vul,1.295,1.885,38.69,0.005244,7.939,0.2564,0.7926,1.093
pal10,10% PAL,vulcan,50.0,202.8367,Earth_10pc_o2_1e12s_48.2SZA_WPT_1rtol.vul,1.04,1.54,33.93,0.00375,6.194,0.1915,0.664,0.9283
pal10,10% PAL,vulcan,55.0,202.8367,Earth_10pc_o2_1e12s_48.2SZA_WPT_1rtol.vul,0.7977,1.207,28.98,0.002525,4.624,0.1347,0.54,0.7669
pal10,10% PAL,vulcan,60.0,202.8367,Earth_10pc_o2_1e12s_48.2SZA_WPT_1rtol.vul,0.577,0.8971,23.93,0.001584,3.275,0.0878,0.424,0.6125
pal10,10% PAL,vulcan,65.0,202.8367,Earth_10pc_o2_1e12s_48.2SZA_WPT_1rtol.vul,0.3867,0.6231,18.92,0.0009144,2.18,0.0519,0.3188,0.4688
pal10,10% PAL,vulcan,70.0,202.8367,Earth_10pc_o2_1e12s_48.2SZA_WPT_1rtol.vul,0.2338,0.3948,14.12,0.0004809,1.345,0.02707,0.2268,0.3393
pal10,10% PAL,vulcan,75.0,202.8367,Earth_10pc_o2_1e12s_48.2SZA_WPT_1rtol.vul,0.1223,0.2196,9.71,0.0002299,0.756,0.01214,0.1495,0.2273
pal10,10% PAL,vulcan,80.0,202.8367,Earth_10pc_o2_1e12s_48.2SZA_WPT_1rtol.vul,0.05225,0.1004,5.889,0.0001024,0.3764,0.00481,0.08764,0.1351
pal10,10% PAL,vulcan,85.0,202.8367,Earth_10pc_o2_1e12s_48.2SZA_WPT_1rtol.vul,0.0181,0.03487,2.802,4.368e-05,0.1555,0.001986,0.0406,0.06356
pal10,10% PAL,waccm,0.0,164.6198,Earth_10pc_o2.cam.h0.0037-0040.nc,3.122,4.208,61.75,0.02547,24.12,0.8993,1.733,2.202
pal10,10% PAL,waccm,5.0,164.6198,Earth_10pc_o2.cam.h0.0037-0040.nc,3.097,4.177,61.44,0.02513,23.88,0.8899,1.719,2.186
pal10,10% PAL,waccm,10.0,164.6198,Earth_10pc_o2.cam.h0.0037-0040.nc,3.024,4.085,60.52,0.02415,23.18,0.862,1.679,2.14
pal10,10% PAL,waccm,15.0,164.6198,Earth_10pc_o2.cam.h0.0037-0040.nc,2.905,3.933,59.0,0.02258,22.05,0.8169,1.614,2.063
pal10,10% PAL,waccm,20.0,164.6198,Earth_10pc_o2.cam.h0.0037-0040.nc,2.741,3.726,56.89,0.0205,20.51,0.7556,1.525,1.959
pal10,10% PAL,waccm,25.0,164.6198,Earth_10pc_o2.cam.h0.0037-0040.nc,2.542,3.471,54.22,0.01809,18.69,0.6838,1.418,1.832
pal10,10% PAL,waccm,30.0,164.6198,Earth_10pc_o2.cam.h0.0037-0040.nc,2.31,3.173,51.04,0.01544,16.6,0.6017,1.294,1.685
pal10,10% PAL,waccm,35.0,164.6198,Earth_10pc_o2.cam.h0.0037-0040.nc,2.052,2.841,47.37,0.01273,14.37,0.5141,1.158,1.522
pal10,10% PAL,waccm,40.0,164.6198,Earth_10pc_o2.cam.h0.0037-0040.nc,1.777,2.484,43.27,0.01008,12.08,0.4248,1.015,1.348
pal10,10% PAL,waccm,45.0,164.6198,Earth_10pc_o2.cam.h0.0037-0040.nc,1.493,2.112,38.8,0.007646,9.816,0.3375,0.8684,1.168
pal10,10% PAL,waccm,50.0,164.6198,Earth_10pc_o2.cam.h0.0037-0040.nc,1.213,1.741,34.04,0.005522,7.695,0.2567,0.7246,0.9889
pal10,10% PAL,waccm,55.0,164.6198,Earth_10pc_o2.cam.h0.0037-0040.nc,0.9443,1.379,29.08,0.003767,5.775,0.1848,0.5865,0.8135
pal10,10% PAL,waccm,60.0,164.6198,Earth_10pc_o2.cam.h0.0037-0040.nc,0.6975,1.042,24.03,0.002409,4.123,0.1245,0.4584,0.6468
pal10,10% PAL,waccm,65.0,164.6198,Earth_10pc_o2.cam.h0.0037-0040.nc,0.482,0.7403,19.02,0.001431,2.774,0.07736,0.3431,0.4931
pal10,10% PAL,waccm,70.0,164.6198,Earth_10pc_o2.cam.h0.0037-0040.nc,0.3053,0.4856,14.21,0.0007843,1.739,0.04344,0.2432,0.3557
pal10,10% PAL,waccm,75.0,164.6198,Earth_10pc_o2.cam.h0.0037-0040.nc,0.1717,0.2854,9.786,0.0003955,0.9986,0.02162,0.1599,0.2377
pal10,10% PAL,waccm,80.0,164.6198,Earth_10pc_o2.cam.h0.0037-0040.nc,0.08166,0.1424,5.954,0.000185,0.5104,0.009523,0.09379,0.1413
pal10,10% PAL,waccm,85.0,164.6198,Earth_10pc_o2.cam.h0.0037-0040.nc,0.03075,0.05463,2.849,7.975e-05,0.2157,0.003867,0.04373,0.06668
pal10,10% PAL,waccm_eq,0.0,136.3349,Earth_10pc_o2.cam.h0.0037-0040.nc,3.565,4.692,61.89,0.03821,30.61,1.175,2.004,2.474
pal10,10% PAL,waccm_eq,5.0,136.3349,Earth_10pc_o2.cam.h0.0037-0040.nc,3.538,4.658,61.59,0.03772,30.31,1.163,1.988,2.456
pal10,10% PAL,waccm_eq,10.0,136.3349,Earth_10pc_o2.cam.h0.0037-0040.nc,3.457,4.557,60.66,0.03627,29.43,1.128,1.94,2.401
pal10,10% PAL,waccm_eq,15.0,136.3349,Earth_10pc_o2.cam.h0.0037-0040.nc,3.324,4.392,59.14,0.03396,28.01,1.071,1.863,2.312
pal10,10% PAL,waccm_eq,20.0,136.3349,Earth_10pc_o2.cam.h0.0037-0040.nc,3.144,4.167,57.03,0.03092,26.1,0.9939,1.758,2.192
pal10,10% PAL,waccm_eq,25.0,136.3349,Earth_10pc_o2.cam.h0.0037-0040.nc,2.92,3.887,54.36,0.02732,23.79,0.9011,1.629,2.044
pal10,10% PAL,waccm_eq,30.0,136.3349,Earth_10pc_o2.cam.h0.0037-0040.nc,2.66,3.56,51.17,0.02338,21.16,0.796,1.482,1.873
pal10,10% PAL,waccm_eq,35.0,136.3349,Earth_10pc_o2.cam.h0.0037-0040.nc,2.371,3.195,47.49,0.01932,18.33,0.6833,1.321,1.684
pal10,10% PAL,waccm_eq,40.0,136.3349,Earth_10pc_o2.cam.h0.0037-0040.nc,2.061,2.801,43.39,0.01535,15.42,0.5679,1.151,1.484
pal10,10% PAL,waccm_eq,45.0,136.3349,Earth_10pc_o2.cam.h0.0037-0040.nc,1.742,2.392,38.92,0.01166,12.54,0.4547,0.9793,1.279
pal10,10% PAL,waccm_eq,50.0,136.3349,Earth_10pc_o2.cam.h0.0037-0040.nc,1.423,1.979,34.15,0.008423,9.819,0.3483,0.8105,1.075
pal10,10% PAL,waccm_eq,55.0,136.3349,Earth_10pc_o2.cam.h0.0037-0040.nc,1.116,1.576,29.18,0.005735,7.349,0.253,0.6501,0.877
pal10,10% PAL,waccm_eq,60.0,136.3349,Earth_10pc_o2.cam.h0.0037-0040.nc,0.8305,1.197,24.12,0.003644,5.216,0.172,0.5025,0.691
pal10,10% PAL,waccm_eq,65.0,136.3349,Earth_10pc_o2.cam.h0.0037-0040.nc,0.5786,0.8558,19.09,0.002134,3.472,0.1077,0.3714,0.5214
pal10,10% PAL,waccm_eq,70.0,136.3349,Earth_10pc_o2.cam.h0.0037-0040.nc,0.3688,0.5639,14.27,0.001138,2.138,0.0605,0.2595,0.3721
pal10,10% PAL,waccm_eq,75.0,136.3349,Earth_10pc_o2.cam.h0.0037-0040.nc,0.2073,0.3311,9.832,0.000549,1.193,0.02959,0.1681,0.2459
pal10,10% PAL,waccm_eq,80.0,136.3349,Earth_10pc_o2.cam.h0.0037-0040.nc,0.09633,0.1625,5.982,0.0002431,0.5862,0.01236,0.09714,0.1446
pal10,10% PAL,waccm_eq,85.0,136.3349,Earth_10pc_o2.cam.h0.0037-0040.nc,0.03408,0.0593,2.858,0.0001031,0.2391,0.004762,0.0448,0.06776
pal100,100% PAL,atmos,0.0,259.2118,PTZ_mixingratios_out.dist,2.262,3.244,61.35,0.01014,14.24,0.4763,1.329,1.799
pal100,100% PAL,atmos,5.0,259.2118,PTZ_mixingratios_out.dist,2.243,3.218,61.04,0.01,14.1,0.4709,1.319,1.787
pal100,100% PAL,atmos,10.0,259.2118,PTZ_mixingratios_out.dist,2.186,3.142,60.12,0.009602,13.68,0.4549,1.291,1.752
pal100,100% PAL,atmos,15.0,259.2118,PTZ_mixingratios_out.dist,2.093,3.018,58.6,0.008963,13.0,0.4291,1.245,1.694
pal100,100% PAL,atmos,20.0,259.2118,PTZ_mixingratios_out.dist,1.966,2.85,56.5,0.008128,12.1,0.3948,1.183,1.616
pal100,100% PAL,atmos,25.0,259.2118,PTZ_mixingratios_out.dist,1.811,2.641,53.84,0.007147,11.0,0.3536,1.106,1.52
pal100,100% PAL,atmos,30.0,259.2118,PTZ_mixingratios_out.dist,1.631,2.399,50.66,0.006081,9.768,0.3074,1.017,1.407
pal100,100% PAL,atmos,35.0,259.2118,PTZ_mixingratios_out.dist,1.433,2.13,47.0,0.004991,8.447,0.2586,0.9181,1.282
pal100,100% PAL,atmos,40.0,259.2118,PTZ_mixingratios_out.dist,1.223,1.842,42.92,0.003937,7.096,0.2094,0.8131,1.146
pal100,100% PAL,atmos,45.0,259.2118,PTZ_mixingratios_out.dist,1.01,1.546,38.47,0.002968,5.769,0.1622,0.7047,1.005
pal100,100% PAL,atmos,50.0,259.2118,PTZ_mixingratios_out.dist,0.8007,1.251,33.73,0.002126,4.519,0.1191,0.5958,0.8601
pal100,100% PAL,atmos,55.0,259.2118,PTZ_mixingratios_out.dist,0.6039,0.9687,28.79,0.001434,3.39,0.08183,0.4894,0.7164
pal100,100% PAL,atmos,60.0,259.2118,PTZ_mixingratios_out.dist,0.4273,0.7086,23.76,0.0009005,2.417,0.05167,0.3884,0.5768
pal100,100% PAL,atmos,65.0,259.2118,PTZ_mixingratios_out.dist,0.2777,0.4813,18.77,0.0005196,1.62,0.02919,0.2951,0.445
pal100,100% PAL,atmos,70.0,259.2118,PTZ_mixingratios_out.dist,0.1604,0.295,13.99,0.0002708,1.006,0.01419,0.2118,0.3244
pal100,100% PAL,atmos,75.0,259.2118,PTZ_mixingratios_out.dist,0.0777,0.1553,9.606,0.0001253,0.5648,0.005613,0.1406,0.2184
pal100,100% PAL,atmos,80.0,259.2118,PTZ_mixingratios_out.dist,0.02856,0.06376,5.811,5.081e-05,0.2752,0.00176,0.08246,0.1299
pal100,100% PAL,atmos,85.0,259.2118,PTZ_mixingratios_out.dist,0.007331,0.01726,2.75,1.762e-05,0.1053,0.0005385,0.03772,0.06067
pal100,100% PAL,kasting,0.0,334.9828,OUTPUT_PLOT.dat,1.794,2.696,61.03,0.005842,10.41,0.3096,1.174,1.644
pal100,100% PAL,kasting,5.0,334.9828,OUTPUT_PLOT.dat,1.779,2.675,60.72,0.005761,10.31,0.3061,1.166,1.634
pal100,100% PAL,kasting,10.0,334.9828,OUTPUT_PLOT.dat,1.731,2.609,59.81,0.005533,10.0,0.2951,1.143,1.603
pal100,100% PAL,kasting,15.0,334.9828,OUTPUT_PLOT.dat,1.653,2.501,58.29,0.005163,9.512,0.2773,1.104,1.554
pal100,100% PAL,kasting,20.0,334.9828,OUTPUT_PLOT.dat,1.547,2.355,56.2,0.004679,8.855,0.2538,1.052,1.485
pal100,100% PAL,kasting,25.0,334.9828,OUTPUT_PLOT.dat,1.417,2.175,53.55,0.004112,8.061,0.2256,0.9865,1.401
pal100,100% PAL,kasting,30.0,334.9828,OUTPUT_PLOT.dat,1.268,1.965,50.37,0.003496,7.165,0.1943,0.911,1.302
pal100,100% PAL,kasting,35.0,334.9828,OUTPUT_PLOT.dat,1.105,1.734,46.73,0.002868,6.207,0.1615,0.827,1.191
pal100,100% PAL,kasting,40.0,334.9828,OUTPUT_PLOT.dat,0.9335,1.489,42.65,0.002261,5.226,0.1288,0.7368,1.07
pal100,100% PAL,kasting,45.0,334.9828,OUTPUT_PLOT.dat,0.7607,1.238,38.22,0.001705,4.264,0.09786,0.6429,0.9428
pal100,100% PAL,kasting,50.0,334.9828,OUTPUT_PLOT.dat,0.5933,0.9901,33.49,0.001222,3.356,0.07013,0.5476,0.8119
pal100,100% PAL,kasting,55.0,334.9828,OUTPUT_PLOT.dat,0.4382,0.755,28.57,0.0008269,2.535,0.04675,0.4534,0.6803
pal100,100% PAL,kasting,60.0,334.9828,OUTPUT_PLOT.dat,0.3019,0.542,23.57,0.0005232,1.824,0.02842,0.3628,0.5513
pal100,100% PAL,kasting,65.0,334.9828,OUTPUT_PLOT.dat,0.1897,0.3593,18.61,0.0003064,1.239,0.01533,0.278,0.4279
pal100,100% PAL,kasting,70.0,334.9828,OUTPUT_PLOT.dat,0.1049,0.2135,13.85,0.0001644,0.7838,0.007072,0.2012,0.3137
pal100,100% PAL,kasting,75.0,334.9828,OUTPUT_PLOT.dat,0.0484,0.1083,9.499,8.012e-05,0.4522,0.002697,0.1345,0.2123
pal100,100% PAL,kasting,80.0,334.9828,OUTPUT_PLOT.dat,0.01733,0.04301,5.738,3.513e-05,0.229,0.0008962,0.07936,0.1268
pal100,100% PAL,kasting,85.0,334.9828,OUTPUT_PLOT.dat,0.005016,0.01224,2.714,1.323e-05,0.09212,0.000331,0.03647,0.05942
pal100,100% PAL,photochem,0.0,342.0133,Earth_100pc_48.2.txt,1.755,2.649,61.0,0.00556,10.12,0.2973,1.163,1.632
pal100,100% PAL,photochem,5.0,342.0133,Earth_100pc_48.2.txt,1.736,2.625,60.69,0.005483,10.02,0.2935,1.155,1.622
pal100,100% PAL,photochem,10.0,342.0133,Earth_100pc_48.2.txt,1.692,2.562,59.78,0.005264,9.727,0.283,1.132,1.592
pal100,100% PAL,photochem,15.0,342.0133,Earth_100pc_48.2.txt,1.615,2.456,58.26,0.004913,9.25,0.2659,1.093,1.543
pal100,100% PAL,photochem,20.0,342.0133,Earth_100pc_48.2.txt,1.511,2.312,56.17,0.004452,8.612,0.2432,1.042,1.476
pal100,100% PAL,photochem,25.0,342.0133,Earth_100pc_48.2.txt,1.384,2.134,53.52,0.003913,7.841,0.2161,0.9776,1.392
pal100,100% PAL,photochem,30.0,342.0133,Earth_100pc_48.2.txt,1.236,1.927,50.35,0.003326,6.968,0.1859,0.903,1.294
pal100,100% PAL,photochem,35.0,342.0133,Earth_100pc_48.2.txt,1.077,1.701,46.7,0.00273,6.042,0.1544,0.8202,1.184
pal100,100% PAL,photochem,40.0,342.0133,Earth_100pc_48.2.txt,0.9096,1.459,42.63,0.002153,5.09,0.123,0.7312,1.064
pal100,100% PAL,photochem,45.0,342.0133,Earth_100pc_48.2.txt,0.7404,1.212,38.19,0.001624,4.155,0.09329,0.6383,0.9383
pal100,100% PAL,photochem,50.0,342.0133,Earth_100pc_48.2.txt,0.5769,0.9678,33.47,0.001166,3.273,0.06678,0.5441,0.8084
pal100,100% PAL,photochem,55.0,342.0133,Earth_100pc_48.2.txt,0.4255,0.7382,28.55,0.00079,2.476,0.04443,0.4509,0.6778
pal100,100% PAL,photochem,60.0,342.0133,Earth_100pc_48.2.txt,0.2927,0.5293,23.55,0.0005009,1.784,0.02696,0.361,0.5495
pal100,100% PAL,photochem,65.0,342.0133,Earth_100pc_48.2.txt,0.1836,0.3505,18.59,0.0002944,1.215,0.01452,0.2769,0.4268
pal100,100% PAL,photochem,70.0,342.0133,Earth_100pc_48.2.txt,0.1015,0.2081,13.84,0.0001589,0.7705,0.006697,0.2005,0.3131
pal100,100% PAL,photochem,75.0,342.0133,Earth_100pc_48.2.txt,0.04684,0.1056,9.491,7.807e-05,0.4462,0.002572,0.1341,0.2119
pal100,100% PAL,photochem,80.0,342.0133,Earth_100pc_48.2.txt,0.01695,0.04218,5.733,3.464e-05,0.2272,0.0008757,0.07921,0.1267
pal100,100% PAL,photochem,85.0,342.0133,Earth_100pc_48.2.txt,0.005074,0.01232,2.713,1.318e-05,0.09208,0.0003302,0.03645,0.05939
pal100,100% PAL,vulcan,0.0,244.7425,Earth_1e12s_48.2SZA_WPT_1rtol.vul,2.432,3.438,61.44,0.01216,15.83,0.5453,1.393,1.863
pal100,100% PAL,vulcan,5.0,244.7425,Earth_1e12s_48.2SZA_WPT_1rtol.vul,2.412,3.411,61.13,0.012,15.68,0.5394,1.383,1.85
pal100,100% PAL,vulcan,10.0,244.7425,Earth_1e12s_48.2SZA_WPT_1rtol.vul,2.351,3.332,60.21,0.01151,15.21,0.5213,1.353,1.813
pal100,100% PAL,vulcan,15.0,244.7425,Earth_1e12s_48.2SZA_WPT_1rtol.vul,2.252,3.202,58.69,0.01075,14.45,0.4921,1.303,1.753
pal100,100% PAL,vulcan,20.0,244.7425,Earth_1e12s_48.2SZA_WPT_1rtol.vul,2.118,3.024,56.59,0.009743,13.44,0.4532,1.237,1.671
pal100,100% PAL,vulcan,25.0,244.7425,Earth_1e12s_48.2SZA_WPT_1rtol.vul,1.952,2.805,53.93,0.008563,12.22,0.4063,1.155,1.569
pal100,100% PAL,vulcan,30.0,244.7425,Earth_1e12s_48.2SZA_WPT_1rtol.vul,1.76,2.55,50.75,0.007279,10.83,0.3539,1.06,1.45
pal100,100% PAL,vulcan,35.0,244.7425,Earth_1e12s_48.2SZA_WPT_1rtol.vul,1.549,2.266,47.08,0.005967,9.356,0.2982,0.9548,1.318
pal100,100% PAL,vulcan,40.0,244.7425,Earth_1e12s_48.2SZA_WPT_1rtol.vul,1.324,1.963,42.99,0.004696,7.844,0.242,0.8434,1.177
pal100,100% PAL,vulcan,45.0,244.7425,Earth_1e12s_48.2SZA_WPT_1rtol.vul,1.096,1.649,38.54,0.00353,6.359,0.1879,0.7286,1.029
pal100,100% PAL,vulcan,50.0,244.7425,Earth_1e12s_48.2SZA_WPT_1rtol.vul,0.8702,1.336,33.79,0.002516,4.962,0.1382,0.6139,0.8782
pal100,100% PAL,vulcan,55.0,244.7425,Earth_1e12s_48.2SZA_WPT_1rtol.vul,0.6579,1.036,28.84,0.001685,3.703,0.09512,0.5024,0.7293
pal100,100% PAL,vulcan,60.0,244.7425,Earth_1e12s_48.2SZA_WPT_1rtol.vul,0.4662,0.7585,23.81,0.001047,2.621,0.06008,0.3969,0.5854
pal100,100% PAL,vulcan,65.0,244.7425,Earth_1e12s_48.2SZA_WPT_1rtol.vul,0.3031,0.5151,18.81,0.000595,1.74,0.03386,0.3002,0.4502
pal100,100% PAL,vulcan,70.0,244.7425,Earth_1e12s_48.2SZA_WPT_1rtol.vul,0.1746,0.315,14.02,0.0003034,1.066,0.01631,0.2146,0.3271
pal100,100% PAL,vulcan,75.0,244.7425,Earth_1e12s_48.2SZA_WPT_1rtol.vul,0.0838,0.1646,9.625,0.0001367,0.5892,0.00634,0.1418,0.2196
pal100,100% PAL,vulcan,80.0,244.7425,Earth_1e12s_48.2SZA_WPT_1rtol.vul,0.0302,0.06651,5.819,5.426e-05,0.2825,0.001952,0.08288,0.1304
pal100,100% PAL,vulcan,85.0,244.7425,Earth_1e12s_48.2SZA_WPT_1rtol.vul,0.007723,0.0177,2.75,1.926e-05,0.1074,0.0006347,0.03781,0.06076
pal100,100% PAL,waccm,0.0,279.6424,Earth_100pc_o2.cam.h0.0009-0012.nc,2.131,3.092,61.27,0.008731,13.07,0.4256,1.282,1.751
pal100,100% PAL,waccm,5.0,279.6424,Earth_100pc_o2.cam.h0.0009-0012.nc,2.112,3.067,60.96,0.008613,12.94,0.4207,1.273,1.74
pal100,100% PAL,waccm,10.0,279.6424,Earth_100pc_o2.cam.h0.0009-0012.nc,2.058,2.994,60.04,0.008267,12.56,0.4061,1.246,1.706
pal100,100% PAL,waccm,15.0,279.6424,Earth_100pc_o2.cam.h0.0009-0012.nc,1.969,2.874,58.52,0.007715,11.93,0.3827,1.202,1.651
pal100,100% PAL,waccm,20.0,279.6424,Earth_100pc_o2.cam.h0.0009-0012.nc,1.848,2.712,56.42,0.006993,11.1,0.3515,1.142,1.576
pal100,100% PAL,waccm,25.0,279.6424,Earth_100pc_o2.cam.h0.0009-0012.nc,1.699,2.51,53.77,0.006145,10.1,0.3141,1.069,1.483
pal100,100% PAL,waccm,30.0,279.6424,Earth_100pc_o2.cam.h0.0009-0012.nc,1.527,2.277,50.59,0.005225,8.964,0.2724,0.9841,1.375
pal100,100% PAL,waccm,35.0,279.6424,Earth_100pc_o2.cam.h0.0009-0012.nc,1.339,2.018,46.93,0.004285,7.752,0.2283,0.89,1.254
pal100,100% PAL,waccm,40.0,279.6424,Earth_100pc_o2.cam.h0.0009-0012.nc,1.139,1.739,42.85,0.003376,6.511,0.1841,0.7894,1.123
pal100,100% PAL,waccm,45.0,279.6424,Earth_100pc_o2.cam.h0.0009-0012.nc,0.9372,1.458,38.4,0.002543,5.297,0.1418,0.6854,0.9854
pal100,100% PAL,waccm,50.0,279.6424,Earth_100pc_o2.cam.h0.0009-0012.nc,0.7396,1.176,33.67,0.001819,4.151,0.1033,0.5807,0.8451
pal100,100% PAL,waccm,55.0,279.6424,Earth_100pc_o2.cam.h0.0009-0012.nc,0.5544,0.9063,28.73,0.001226,3.118,0.07037,0.4781,0.7051
pal100,100% PAL,waccm,60.0,279.6424,Earth_100pc_o2.cam.h0.0009-0012.nc,0.3893,0.6593,23.71,0.0007705,2.227,0.04395,0.3803,0.5688
pal100,100% PAL,waccm,65.0,279.6424,Earth_100pc_o2.cam.h0.0009-0012.nc,0.2506,0.4448,18.73,0.0004459,1.497,0.02451,0.2897,0.4397
pal100,100% PAL,waccm,70.0,279.6424,Earth_100pc_o2.cam.h0.0009-0012.nc,0.1431,0.2704,13.96,0.0002344,0.9347,0.01176,0.2086,0.3211
pal100,100% PAL,waccm,75.0,279.6424,Earth_100pc_o2.cam.h0.0009-0012.nc,0.06865,0.1412,9.577,0.0001106,0.53,0.004646,0.1388,0.2166
pal100,100% PAL,waccm,80.0,279.6424,Earth_100pc_o2.cam.h0.0009-0012.nc,0.02539,0.05797,5.791,4.641e-05,0.2624,0.001517,0.08162,0.1291
pal100,100% PAL,waccm,85.0,279.6424,Earth_100pc_o2.cam.h0.0009-0012.nc,0.006961,0.01636,2.742,1.672e-05,0.1027,0.0005009,0.03746,0.06041
pal100,100% PAL,waccm_eq,0.0,247.508,Earth_100pc_o2.cam.h0.0009-0012.nc,2.38,3.378,61.41,0.0115,15.33,0.5238,1.373,1.843
pal100,100% PAL,waccm_eq,5.0,247.508,Earth_100pc_o2.cam.h0.0009-0012.nc,2.36,3.352,61.1,0.01135,15.18,0.5179,1.363,1.83
pal100,100% PAL,waccm_eq,10.0,247.508,Earth_100pc_o2.cam.h0.0009-0012.nc,2.301,3.273,60.18,0.0109,14.73,0.5006,1.333,1.794
pal100,100% PAL,waccm_eq,15.0,247.508,Earth_100pc_o2.cam.h0.0009-0012.nc,2.204,3.145,58.66,0.01017,14.0,0.4725,1.285,1.735
pal100,100% PAL,waccm_eq,20.0,247.508,Earth_100pc_o2.cam.h0.0009-0012.nc,2.072,2.971,56.55,0.009225,13.02,0.4351,1.22,1.654
pal100,100% PAL,waccm_eq,25.0,247.508,Earth_100pc_o2.cam.h0.0009-0012.nc,1.909,2.755,53.9,0.008112,11.84,0.3901,1.139,1.554
pal100,100% PAL,waccm_eq,30.0,247.508,Earth_100pc_o2.cam.h0.0009-0012.nc,1.721,2.504,50.72,0.006901,10.51,0.3397,1.046,1.437
pal100,100% PAL,waccm_eq,35.0,247.508,Earth_100pc_o2.cam.h0.0009-0012.nc,1.514,2.225,47.06,0.005662,9.079,0.2862,0.9435,1.307
pal100,100% PAL,waccm_eq,40.0,247.508,Earth_100pc_o2.cam.h0.0009-0012.nc,1.295,1.927,42.97,0.004462,7.618,0.2323,0.8341,1.167
pal100,100% PAL,waccm_eq,45.0,247.508,Earth_100pc_o2.cam.h0.0009-0012.nc,1.071,1.619,38.51,0.003359,6.184,0.1803,0.7214,1.021
pal100,100% PAL,waccm_eq,50.0,247.508,Earth_100pc_o2.cam.h0.0009-0012.nc,0.8504,1.312,33.77,0.0024,4.832,0.1327,0.6085,0.8729
pal100,100% PAL,waccm_eq,55.0,247.508,Earth_100pc_o2.cam.h0.0009-0012.nc,0.6425,1.017,28.83,0.001612,3.613,0.09134,0.4986,0.7255
pal100,100% PAL,waccm_eq,60.0,247.508,Earth_100pc_o2.cam.h0.0009-0012.nc,0.4552,0.7442,23.79,0.001005,2.563,0.05773,0.3944,0.5829
pal100,100% PAL,waccm_eq,65.0,247.508,Earth_100pc_o2.cam.h0.0009-0012.nc,0.296,0.5054,18.8,0.0005735,1.706,0.03256,0.2987,0.4487
pal100,100% PAL,waccm_eq,70.0,247.508,Earth_100pc_o2.cam.h0.0009-0012.nc,0.1704,0.309,14.01,0.0002936,1.048,0.01569,0.2137,0.3263
pal100,100% PAL,waccm_eq,75.0,247.508,Earth_100pc_o2.cam.h0.0009-0012.nc,0.0817,0.1614,9.618,0.0001324,0.5804,0.006073,0.1413,0.2191
pal100,100% PAL,waccm_eq,80.0,247.508,Earth_100pc_o2.cam.h0.0009-0012.nc,0.02918,0.06485,5.814,5.213e-05,0.2781,0.001828,0.08263,0.1301
pal100,100% PAL,waccm_eq,85.0,247.508,Earth_100pc_o2.cam.h0.0009-0012.nc,0.007186,0.01682,2.747,1.8e-05,0.1049,0.0005632,0.03766,0.06061
