pathway_id,pathway,contribution,rate,total_prod,dconc,species,alt_km
"1*1091,1*1296","O3+M -> O+O2+M
O -> O_transport
Net:O3 -> O2 + O_transport",0.9999999766089904,4.551051915324739e+16,-4.551051915324739e+16,0.0,O3,30.5
"1*673,1*1296","O3+hv -> O+O2
O -> O_transport
Net:O3 -> O2 + O_transport",1.6334863737339957e-08,743408146.3729634,-743408146.3729634,0.0,O3,30.5
"1*340,1*674,1*1296","O1D+N2 -> O+N2
O3+hv -> O1D+O2
O -> O_transport
Net:O3 -> O2 + O_transport",3.5970555950952245e-09,163703871.38507575,-163703871.38507575,0.0,O3,30.5
"1*674,1*1379","O3+hv -> O1D+O2
O1D -> O1D_transport
Net:O3 -> O2 + O1D_transport",1.6835003325205368e-09,76616975.91982266,-76616975.91982266,0.0,O3,30.5
"1*339,1*674,1*1296","O1D+O2 -> O+O2
O3+hv -> O1D+O2
O -> O_transport
Net:O3 -> O2 + O_transport",1.4472382626204591e-09,65864566.210939586,-65864566.210939586,0.0,O3,30.5
"1*447,1*670,1*1296","NO+O3 -> NO2+O2
NO2+hv -> NO+O
O -> O_transport
Net:O3 -> O2 + O_transport",2.695044012935204e-10,12265285.503850643,-12265285.503850643,0.0,O3,30.5
"1*447,1*449,1*1091","NO+O3 -> NO2+O2
NO2+O -> NO+O2
O3+M -> O+O2+M
Net:2O3 -> 3O2",3.3396432443789964e-11,759944.5069674872,-1519889.0139349743,0.0,O3,30.5
"1*411,1*448,1*670,1*1296","OH+O3 -> HO2+O2
NO+HO2 -> NO2+OH
NO2+hv -> NO+O
O -> O_transport
Net:O3 -> O2 + O_transport",5.968724149208787e-12,271639.74106694455,-271639.74106694455,0.0,O3,30.5
"1*341,1*674,1*1296","O1D+CO2 -> CO2+O
O3+hv -> O1D+O2
O -> O_transport
Net:O3 -> O2 + O_transport",5.554808185317714e-12,252802.21022381613,-252802.21022381613,0.0,O3,30.5
"1*449,1*1091,1*1330,1*1337","NO2+O -> NO+O2
O3+M -> O+O2+M
NO -> NO_transport
NO2_transport -> NO2
Net:O3 + NO2_transport -> 2O2 + NO_transport",5.2598750775898916e-12,239379.6510616751,-239379.6510616751,0.0,O3,30.5
"1*409,1*1091","O+O3 -> O2+O2
O3+M -> O+O2+M
Net:2O3 -> 3O2",3.552424168459651e-12,80836.33597041445,-161672.6719408289,0.0,O3,30.5
"1*390,1*411,1*1091","HO2+O -> OH+O2
OH+O3 -> HO2+O2
O3+M -> O+O2+M
Net:2O3 -> 3O2",2.337828358004731e-12,53197.892376342024,-106395.78475268405,0.0,O3,30.5
"1*411,1*448,1*449,1*1091","OH+O3 -> HO2+O2
NO+HO2 -> NO2+OH
NO2+O -> NO+O2
O3+M -> O+O2+M
Net:2O3 -> 3O2",7.396141354307219e-13,16830.1120319395,-33660.224063879,0.0,O3,30.5
"1*473,1*478,1*670,1*1296","NO2+O3 -> NO3+O2
NO3+NO -> NO2+NO2
NO2+hv -> NO+O
O -> O_transport
Net:O3 -> O2 + O_transport",5.47564330075009e-13,24919.937514416273,-24919.937514416273,0.0,O3,30.5
"1*338,1*674,2*1295","O1D+H2O -> OH+OH
O3+hv -> O1D+O2
2(OH -> OH_transport)
Net:H2O + O3 -> O2 + 2OH_transport",5.150659575597143e-13,23440.919675013865,-23440.919675013865,0.0,O3,30.5
"1*389,1*411,2*911,2*1320,2*1371","OH+HO2 -> H2O+O2
OH+O3 -> HO2+O2
2(HCNOH+M -> HCN+OH+M)
2(HCN -> HCN_transport)
2(HCNOH_transport -> HCNOH)
Net:O3 + 2HCNOH_transport -> H2O + 2O2 + 2HCN_transport",3.3008246569234777e-13,15022.224728427722,-15022.224728427722,0.0,O3,30.5
"1*413,1*674","O1D+O3 -> O2+O2
O3+hv -> O1D+O2
Net:2O3 -> 3O2",2.9776556929304197e-13,6775.732980735535,-13551.46596147107,0.0,O3,30.5
"1*401,2*411,1*650","HO2+HO2 -> H2O2+O2
2(OH+O3 -> HO2+O2)
H2O2+hv -> OH+OH
Net:2O3 -> 3O2",7.488505538133164e-14,1704.0289134709992,-3408.0578269419984,0.0,O3,30.5
"1*449,1*473,1*478,1*1091","NO2+O -> NO+O2
NO2+O3 -> NO3+O2
NO3+NO -> NO2+NO2
O3+M -> O+O2+M
Net:2O3 -> 3O2",6.784950484620878e-14,1543.9331310350228,-3087.8662620700457,0.0,O3,30.5
"1*389,1*411,2*1167,2*1315,2*1378","OH+HO2 -> H2O+O2
OH+O3 -> HO2+O2
2(HSO3+M -> SO2+OH+M)
2(SO2 -> SO2_transport)
2(HSO3_transport -> HSO3)
Net:O3 + 2HSO3_transport -> H2O + 2O2 + 2SO2_transport",5.148317393056423e-14,2343.0260280426546,-2343.0260280426546,0.0,O3,30.5
"1*401,1*405,1*411,2*911,2*1320,2*1371","HO2+HO2 -> H2O2+O2
H2O2+OH -> HO2+H2O
OH+O3 -> HO2+O2
2(HCNOH+M -> HCN+OH+M)
2(HCN -> HCN_transport)
2(HCNOH_transport -> HCNOH)
Net:O3 + 2HCNOH_transport -> H2O + 2O2 + 2HCN_transport",2.4914368508135744e-14,1133.865871702843,-1133.865871702843,0.0,O3,30.5
"1*449,1*472,1*478,2*1091","NO2+O -> NO+O2
NO2+O+M -> NO3+M
NO3+NO -> NO2+NO2
2(O3+M -> O+O2+M)
Net:2O3 -> 3O2",1.421282491234977e-14,323.41652776266204,-646.8330555253241,0.0,O3,30.5
"1*11,1*911,1*1091,1*1292,1*1320,1*1371","O+OH -> O2+H
HCNOH+M -> HCN+OH+M
O3+M -> O+O2+M
H -> H_transport
HCN -> HCN_transport
HCNOH_transport -> HCNOH
Net:O3 + HCNOH_transport -> 2O2 + H_transport + HCN_transport",1.2697859257340426e-14,577.8861804537723,-577.8861804537723,0.0,O3,30.5
"1*473,1*475,1*1091","NO2+O3 -> NO3+O2
NO3+O -> NO2+O2
O3+M -> O+O2+M
Net:2O3 -> 3O2",1.1231598161900346e-14,255.57793761259796,-511.1558752251959,0.0,O3,30.5
"1*411,1*659,1*1296","OH+O3 -> HO2+O2
HO2+hv -> OH+O
O -> O_transport
Net:O3 -> O2 + O_transport",9.672503773961816e-15,440.2006785614852,-440.2006785614852,0.0,O3,30.5
"1*449,1*658,1*1091,1*1295,1*1330,1*1341","NO2+O -> NO+O2
HNO3+hv -> OH+NO2
O3+M -> O+O2+M
OH -> OH_transport
NO -> NO_transport
HNO3_transport -> HNO3
Net:O3 + HNO3_transport -> 2O2 + OH_transport + NO_transport",9.649385750291153e-15,439.1485652778263,-439.1485652778263,0.0,O3,30.5
"1*385,1*390,1*1048,1*1091,1*1295,1*1333,1*1371","H+O2+M -> HO2+M
HO2+O -> OH+O2
HCNOH+M -> H+HNCO+M
O3+M -> O+O2+M
OH -> OH_transport
HNCO -> HNCO_transport
HCNOH_transport -> HCNOH
Net:O3 + HCNOH_transport -> O2 + OH_transport + HNCO_transport",9.363392651137268e-15,426.1328705566366,-426.1328705566366,0.0,O3,30.5
"1*334,1*674,1*1292,1*1295","O1D+H2 -> OH+H
O3+hv -> O1D+O2
H -> H_transport
OH -> OH_transport
Net:H2 + O3 -> O2 + H_transport + OH_transport",7.340188755239064e-15,334.0558087476612,-334.0558087476612,0.0,O3,30.5
"1*335,1*674,1*1295,1*1305","O1D+CH4 -> CH3+OH
O3+hv -> O1D+O2
OH -> OH_transport
CH3 -> CH3_transport
Net:CH4 + O3 -> O2 + OH_transport + CH3_transport",6.6121254610591906e-15,300.92126947806133,-300.92126947806133,0.0,O3,30.5
"1*401,1*405,1*411,2*1167,2*1315,2*1378","HO2+HO2 -> H2O2+O2
H2O2+OH -> HO2+H2O
OH+O3 -> HO2+O2
2(HSO3+M -> SO2+OH+M)
2(SO2 -> SO2_transport)
2(HSO3_transport -> HSO3)
Net:O3 + 2HSO3_transport -> H2O + 2O2 + 2SO2_transport",3.885608720752413e-15,176.8360742442021,-176.8360742442021,0.0,O3,30.5
"1*446,1*449,2*1091","NO+O+M -> NO2+M
NO2+O -> NO+O2
2(O3+M -> O+O2+M)
Net:2O3 -> 3O2",3.1835359716774606e-15,72.4421891015355,-144.884378203071,0.0,O3,30.5
"1*493,1*741,1*1091,1*1292,1*1301,1*1377","CH3O2+O -> CH3O+O2
CH3O+M -> H+H2CO+M
O3+M -> O+O2+M
H -> H_transport
H2CO -> H2CO_transport
CH3O2_transport -> CH3O2
Net:O3 + CH3O2_transport -> 2O2 + H_transport + H2CO_transport",3.1358997957146764e-15,142.71643105381878,-142.71643105381878,0.0,O3,30.5
"1*390,1*398,1*1091,1*1295,1*1301,1*1366","HO2+O -> OH+O2
CH3O+O2 -> H2CO+HO2
O3+M -> O+O2+M
OH -> OH_transport
H2CO -> H2CO_transport
CH3O_transport -> CH3O
Net:O3 + CH3O_transport -> O2 + OH_transport + H2CO_transport",3.1191412099539008e-15,141.95373909773153,-141.95373909773153,0.0,O3,30.5
"1*67,1*336,1*674,1*1091,1*1292,1*1295,1*1301","O+H2COH -> H2CO+OH
O1D+CH4 -> H2COH+H
O3+hv -> O1D+O2
O3+M -> O+O2+M
H -> H_transport
OH -> OH_transport
H2CO -> H2CO_transport
Net:CH4 + 2O3 -> 2O2 + H_transport + OH_transport + H2CO_transport",3.062788929447149e-15,69.69455874820537,-139.38911749641073,0.0,O3,30.5
"1*385,1*448,1*449,1*1048,1*1091,1*1295,1*1333,1*1371","H+O2+M -> HO2+M
NO+HO2 -> NO2+OH
NO2+O -> NO+O2
HCNOH+M -> H+HNCO+M
O3+M -> O+O2+M
OH -> OH_transport
HNCO -> HNCO_transport
HCNOH_transport -> HCNOH
Net:O3 + HCNOH_transport -> O2 + OH_transport + HNCO_transport",2.9622663423079492e-15,134.8142822620682,-134.8142822620682,0.0,O3,30.5
"1*472,1*475,2*1091","NO2+O+M -> NO3+M
NO3+O -> NO2+O2
2(O3+M -> O+O2+M)
Net:2O3 -> 3O2",2.3529529621374778e-15,53.5420566774267,-107.0841133548534,0.0,O3,30.5
"1*390,1*391,1*1091,1*1295,1*1300","HO2+O -> OH+O2
HCO+O2 -> HO2+CO
O3+M -> O+O2+M
OH -> OH_transport
HCO_transport -> HCO
Net:O3 + HCO_transport -> O2 + CO + OH_transport",2.331204899292034e-15,106.09434770102818,-106.09434770102818,0.0,O3,30.5
"1*449,1*468,1*470,1*478,2*911,1*1091,2*1320,2*1371","NO2+O -> NO+O2
NO2+OH+M -> HNO3+M
HNO3+OH -> H2O+NO3
NO3+NO -> NO2+NO2
2(HCNOH+M -> HCN+OH+M)
O3+M -> O+O2+M
2(HCN -> HCN_transport)
2(HCNOH_transport -> HCNOH)
Net:O3 + 2HCNOH_transport -> H2O + 2O2 + 2HCN_transport",2.1022527147386982e-15,95.67461467700768,-95.67461467700768,0.0,O3,30.5
"1*11,1*1091,1*1167,1*1292,1*1315,1*1378","O+OH -> O2+H
O3+M -> O+O2+M
HSO3+M -> SO2+OH+M
H -> H_transport
SO2 -> SO2_transport
HSO3_transport -> HSO3
Net:O3 + HSO3_transport -> 2O2 + H_transport + SO2_transport",1.980170247839073e-15,90.11857809893529,-90.11857809893529,0.0,O3,30.5
"1*411,1*473,1*477,1*658","OH+O3 -> HO2+O2
NO2+O3 -> NO3+O2
NO3+HO2 -> HNO3+O2
HNO3+hv -> OH+NO2
Net:2O3 -> 3O2",1.853265813136619e-15,42.17154562884137,-84.34309125768274,0.0,O3,30.5
"1*449,1*462,1*467,2*911,1*1091,2*1320,2*1371","NO2+O -> NO+O2
NO+OH+M -> HNO2+M
HNO2+OH -> H2O+NO2
2(HCNOH+M -> HCN+OH+M)
O3+M -> O+O2+M
2(HCN -> HCN_transport)
2(HCNOH_transport -> HCNOH)
Net:O3 + 2HCNOH_transport -> H2O + 2O2 + 2HCN_transport",1.5947187907745717e-15,72.57648176922685,-72.57648176922685,0.0,O3,30.5
"1*448,1*473,1*476,1*670,1*1296","NO+HO2 -> NO2+OH
NO2+O3 -> NO3+O2
NO3+OH -> NO2+HO2
NO2+hv -> NO+O
O -> O_transport
Net:O3 -> O2 + O_transport",1.4715232549939239e-15,66.9697888473409,-66.9697888473409,0.0,O3,30.5
"1*412,1*448,1*670,1*1179,1*1295,1*1296,1*1301,1*1373","CH3+O3 -> H2CO+HO2
NO+HO2 -> NO2+OH
NO2+hv -> NO+O
CH3CO+M -> CH3+CO+M
OH -> OH_transport
O -> O_transport
H2CO -> H2CO_transport
CH3CO_transport -> CH3CO
Net:O3 + CH3CO_transport -> CO + OH_transport + O_transport + H2CO_transport",1.4310553455090972e-15,65.12807323456022,-65.12807323456022,0.0,O3,30.5
"1*410,1*1048,1*1295,1*1333,1*1371","H+O3 -> OH+O2
HCNOH+M -> H+HNCO+M
OH -> OH_transport
HNCO -> HNCO_transport
HCNOH_transport -> HCNOH
Net:O3 + HCNOH_transport -> O2 + OH_transport + HNCO_transport",1.3865151701335395e-15,63.101026682627236,-63.101026682627236,0.0,O3,30.5
"2*449,1*470,1*478,1*911,2*1091,1*1320,1*1330,1*1341,1*1371","2(NO2+O -> NO+O2)
HNO3+OH -> H2O+NO3
NO3+NO -> NO2+NO2
HCNOH+M -> HCN+OH+M
2(O3+M -> O+O2+M)
HCN -> HCN_transport
NO -> NO_transport
HNO3_transport -> HNO3
HCNOH_transport -> HCNOH
Net:2O3 + HNO3_transport + HCNOH_transport -> H2O + 4O2 + HCN_transport + NO_transport",1.2325212169459326e-15,28.046340881333055,-56.09268176266611,0.0,O3,30.5
"1*449,1*495,1*741,1*1091,1*1292,1*1301,1*1377","NO2+O -> NO+O2
CH3O2+NO -> CH3O+NO2
CH3O+M -> H+H2CO+M
O3+M -> O+O2+M
H -> H_transport
H2CO -> H2CO_transport
CH3O2_transport -> CH3O2
Net:O3 + CH3O2_transport -> 2O2 + H_transport + H2CO_transport",1.0482753763085104e-15,47.70755770729402,-47.70755770729402,0.0,O3,30.5
"1*445,1*674,2*1330,1*1334","O1D+N2O -> NO+NO
O3+hv -> O1D+O2
2(NO -> NO_transport)
N2O_transport -> N2O
Net:O3 + N2O_transport -> O2 + 2NO_transport",1.0400718913191224e-15,47.33421283782818,-47.33421283782818,0.0,O3,30.5
"1*398,1*448,1*449,1*1091,1*1295,1*1301,1*1366","CH3O+O2 -> H2CO+HO2
NO+HO2 -> NO2+OH
NO2+O -> NO+O2
O3+M -> O+O2+M
OH -> OH_transport
H2CO -> H2CO_transport
CH3O_transport -> CH3O
Net:O3 + CH3O_transport -> O2 + OH_transport + H2CO_transport",9.867926474310446e-16,44.90944673167156,-44.90944673167156,0.0,O3,30.5
"1*444,1*674,1*1334","O1D+N2O -> N2+O2
O3+hv -> O1D+O2
N2O_transport -> N2O
Net:O3 + N2O_transport -> 2O2 + N2",7.647411572633812e-16,34.80376789900696,-34.80376789900696,0.0,O3,30.5
"1*391,1*448,1*449,1*1091,1*1295,1*1300","HCO+O2 -> HO2+CO
NO+HO2 -> NO2+OH
NO2+O -> NO+O2
O3+M -> O+O2+M
OH -> OH_transport
HCO_transport -> HCO
Net:O3 + HCO_transport -> O2 + CO + OH_transport",7.375157773990639e-16,33.564726698255086,-33.564726698255086,0.0,O3,30.5
"1*390,1*405,1*1091,1*1335","HO2+O -> OH+O2
H2O2+OH -> HO2+H2O
O3+M -> O+O2+M
H2O2_transport -> H2O2
Net:O3 + H2O2_transport -> H2O + 2O2",7.083675805686883e-16,32.238177097094315,-32.238177097094315,0.0,O3,30.5
"1*390,1*473,1*476,1*1091","HO2+O -> OH+O2
NO2+O3 -> NO3+O2
NO3+OH -> NO2+HO2
O3+M -> O+O2+M
Net:2O3 -> 3O2",5.738130521773293e-16,13.057265256172462,-26.114530512344924,0.0,O3,30.5
"1*390,1*412,1*1091,1*1179,1*1295,1*1301,1*1373","HO2+O -> OH+O2
CH3+O3 -> H2CO+HO2
O3+M -> O+O2+M
CH3CO+M -> CH3+CO+M
OH -> OH_transport
H2CO -> H2CO_transport
CH3CO_transport -> CH3CO
Net:2O3 + CH3CO_transport -> 2O2 + CO + OH_transport + H2CO_transport",5.605311968458457e-16,12.755033183375875,-25.51006636675175,0.0,O3,30.5
"1*390,1*1091,1*1295,1*1332","HO2+O -> OH+O2
O3+M -> O+O2+M
OH -> OH_transport
HO2_transport -> HO2
Net:O3 + HO2_transport -> 2O2 + OH_transport",3.5761970938208677e-16,16.275459014111643,-16.275459014111643,0.0,O3,30.5
del,deleted_pathways,3.559257801581404e-16,16.198367413917737,16.198367413917737,0.0,O3,30.5
"1*449,1*468,1*470,1*478,1*1091,2*1167,2*1315,2*1378","NO2+O -> NO+O2
NO2+OH+M -> HNO3+M
HNO3+OH -> H2O+NO3
NO3+NO -> NO2+NO2
O3+M -> O+O2+M
2(HSO3+M -> SO2+OH+M)
2(SO2 -> SO2_transport)
2(HSO3_transport -> HSO3)
Net:O3 + 2HSO3_transport -> H2O + 2O2 + 2SO2_transport",3.2732682650803425e-16,14.896814155617102,-14.896814155617102,0.0,O3,30.5
"1*385,1*390,1*1057,1*1091,1*1295,1*1364","H+O2+M -> HO2+M
HO2+O -> OH+O2
NNH+M -> H+N2+M
O3+M -> O+O2+M
OH -> OH_transport
NNH_transport -> NNH
Net:O3 + NNH_transport -> O2 + N2 + OH_transport",2.3701115580177645e-16,10.786500997957198,-10.786500997957198,0.0,O3,30.5
"1*28,1*701,1*741,1*1091,2*1292,1*1295,1*1366","O+H2CO -> OH+HCO
HCO+M -> H+CO+M
CH3O+M -> H+H2CO+M
O3+M -> O+O2+M
2(H -> H_transport)
OH -> OH_transport
CH3O_transport -> CH3O
Net:O3 + CH3O_transport -> O2 + CO + 2H_transport + OH_transport",2.251126162603329e-16,10.244992273594223,-10.244992273594223,0.0,O3,30.5
"1*405,1*448,1*449,1*1091,1*1335","H2O2+OH -> HO2+H2O
NO+HO2 -> NO2+OH
NO2+O -> NO+O2
O3+M -> O+O2+M
H2O2_transport -> H2O2
Net:O3 + H2O2_transport -> H2O + 2O2",2.241039674487935e-16,10.199088141464017,-10.199088141464017,0.0,O3,30.5
"1*411,1*472,1*477,1*658,1*1091","OH+O3 -> HO2+O2
NO2+O+M -> NO3+M
NO3+HO2 -> HNO3+O2
HNO3+hv -> OH+NO2
O3+M -> O+O2+M
Net:2O3 -> 3O2",2.0032052054842456e-16,4.558345550228086,-9.116691100456173,0.0,O3,30.5
"2*449,1*470,1*478,2*1091,1*1167,1*1315,1*1330,1*1341,1*1378","2(NO2+O -> NO+O2)
HNO3+OH -> H2O+NO3
NO3+NO -> NO2+NO2
2(O3+M -> O+O2+M)
HSO3+M -> SO2+OH+M
SO2 -> SO2_transport
NO -> NO_transport
HNO3_transport -> HNO3
HSO3_transport -> HSO3
Net:2O3 + HNO3_transport + HSO3_transport -> H2O + 4O2 + SO2_transport + NO_transport",1.921348017650207e-16,4.372077390133487,-8.744154780266975,0.0,O3,30.5
"1*411,1*470,1*477,2*911,2*1320,2*1371","OH+O3 -> HO2+O2
HNO3+OH -> H2O+NO3
NO3+HO2 -> HNO3+O2
2(HCNOH+M -> HCN+OH+M)
2(HCN -> HCN_transport)
2(HCNOH_transport -> HCNOH)
Net:O3 + 2HCNOH_transport -> H2O + 2O2 + 2HCN_transport",1.8430821747056194e-16,8.387962857497815,-8.387962857497815,0.0,O3,30.5
"1*448,1*449,1*473,1*476,1*1091","NO+HO2 -> NO2+OH
NO2+O -> NO+O2
NO2+O3 -> NO3+O2
NO3+OH -> NO2+HO2
O3+M -> O+O2+M
Net:2O3 -> 3O2",1.8153538515074908e-16,4.130884908073223,-8.261769816146446,0.0,O3,30.5
"1*412,1*448,1*449,1*1091,1*1179,1*1295,1*1301,1*1373","CH3+O3 -> H2CO+HO2
NO+HO2 -> NO2+OH
NO2+O -> NO+O2
O3+M -> O+O2+M
CH3CO+M -> CH3+CO+M
OH -> OH_transport
H2CO -> H2CO_transport
CH3CO_transport -> CH3CO
Net:2O3 + CH3CO_transport -> 2O2 + CO + OH_transport + H2CO_transport",1.773334474047037e-16,4.035268721700588,-8.070537443401175,0.0,O3,30.5
"1*449,1*462,1*467,1*1091,2*1167,2*1315,2*1378","NO2+O -> NO+O2
NO+OH+M -> HNO2+M
HNO2+OH -> H2O+NO2
O3+M -> O+O2+M
2(HSO3+M -> SO2+OH+M)
2(SO2 -> SO2_transport)
2(HSO3_transport -> HSO3)
Net:O3 + 2HSO3_transport -> H2O + 2O2 + 2SO2_transport",1.4039661674430857e-16,6.389523064850384,-6.389523064850384,0.0,O3,30.5
"1*338,1*389,1*411,1*674","O1D+H2O -> OH+OH
OH+HO2 -> H2O+O2
OH+O3 -> HO2+O2
O3+hv -> O1D+O2
Net:2O3 -> 3O2",1.3029498929562805e-16,2.964896372307342,-5.929792744614684,0.0,O3,30.5
"1*390,1*472,1*476,2*1091","HO2+O -> OH+O2
NO2+O+M -> NO3+M
NO3+OH -> NO2+HO2
2(O3+M -> O+O2+M)
Net:2O3 -> 3O2",1.2021041897793042e-16,2.7354193516417187,-5.470838703283437,0.0,O3,30.5
"1*415,1*684,1*1296","SO+O3 -> SO2+O2
SO2+hv -> SO+O
O -> O_transport
Net:O3 -> O2 + O_transport",1.1958528092029435e-16,5.442388345072484,-5.442388345072484,0.0,O3,30.5
"1*448,1*449,1*1091,1*1295,1*1332","NO+HO2 -> NO2+OH
NO2+O -> NO+O2
O3+M -> O+O2+M
OH -> OH_transport
HO2_transport -> HO2
Net:O3 + HO2_transport -> 2O2 + OH_transport",1.1313899437078892e-16,5.149014490731585,-5.149014490731585,0.0,O3,30.5
"1*68,1*336,1*674,1*911,1*1292,1*1301,1*1320,1*1371","OH+H2COH -> H2CO+H2O
O1D+CH4 -> H2COH+H
O3+hv -> O1D+O2
HCNOH+M -> HCN+OH+M
H -> H_transport
H2CO -> H2CO_transport
HCN -> HCN_transport
HCNOH_transport -> HCNOH
Net:CH4 + O3 + HCNOH_transport -> H2O + O2 + H_transport + H2CO_transport + HCN_transport",9.984615163217275e-17,4.544050302523965,-4.544050302523965,0.0,O3,30.5
"1*411,1*472,1*477,1*658,1*670,1*1330,1*1337","OH+O3 -> HO2+O2
NO2+O+M -> NO3+M
NO3+HO2 -> HNO3+O2
HNO3+hv -> OH+NO2
NO2+hv -> NO+O
NO -> NO_transport
NO2_transport -> NO2
Net:O3 + NO2_transport -> 2O2 + NO_transport",9.04629570007787e-17,4.117016233544501,-4.117016233544501,0.0,O3,30.5
"1*389,1*473,1*476,2*911,2*1320,2*1371","OH+HO2 -> H2O+O2
NO2+O3 -> NO3+O2
NO3+OH -> NO2+HO2
2(HCNOH+M -> HCN+OH+M)
2(HCN -> HCN_transport)
2(HCNOH_transport -> HCNOH)
Net:O3 + 2HCNOH_transport -> H2O + 2O2 + 2HCN_transport",8.103203739230882e-17,3.6878101760309328,-3.6878101760309328,0.0,O3,30.5
"1*389,1*412,1*911,1*1179,1*1301,1*1320,1*1371,1*1373","OH+HO2 -> H2O+O2
CH3+O3 -> H2CO+HO2
HCNOH+M -> HCN+OH+M
CH3CO+M -> CH3+CO+M
H2CO -> H2CO_transport
HCN -> HCN_transport
HCNOH_transport -> HCNOH
CH3CO_transport -> CH3CO
Net:O3 + HCNOH_transport + CH3CO_transport -> H2O + O2 + CO + H2CO_transport + HCN_transport",7.915641641475144e-17,3.6024496896109066,-3.6024496896109066,0.0,O3,30.5
"1*385,1*448,1*449,1*1057,1*1091,1*1295,1*1364","H+O2+M -> HO2+M
NO+HO2 -> NO2+OH
NO2+O -> NO+O2
NNH+M -> H+N2+M
O3+M -> O+O2+M
OH -> OH_transport
NNH_transport -> NNH
Net:O3 + NNH_transport -> O2 + N2 + OH_transport",7.498245515719482e-17,3.4124905414106275,-3.4124905414106275,0.0,O3,30.5
"1*337,1*674,1*1296","O1D+CO -> O+CO
O3+hv -> O1D+O2
O -> O_transport
Net:O3 -> O2 + O_transport",5.03026166688132e-17,2.289298252913482,-2.289298252913482,0.0,O3,30.5
"1*447,1*456,1*684,1*1296","NO+O3 -> NO2+O2
NO2+SO -> SO2+NO
SO2+hv -> SO+O
O -> O_transport
Net:O3 -> O2 + O_transport",4.7635741881365576e-17,2.1679273939810475,-2.1679273939810475,0.0,O3,30.5
"1*490,1*493,1*741,1*1091,1*1179,1*1292,1*1301,1*1373","CH3+O2+M -> CH3O2+M
CH3O2+O -> CH3O+O2
CH3O+M -> H+H2CO+M
O3+M -> O+O2+M
CH3CO+M -> CH3+CO+M
H -> H_transport
H2CO -> H2CO_transport
CH3CO_transport -> CH3CO
Net:O3 + CH3CO_transport -> O2 + CO + H_transport + H2CO_transport",4.6467463952771593e-17,2.1147584576917797,-2.1147584576917797,0.0,O3,30.5
"1*736,1*1091,1*1295,1*1305","CH4+O -> CH3+OH
O3+M -> O+O2+M
OH -> OH_transport
CH3 -> CH3_transport
Net:CH4 + O3 -> O2 + OH_transport + CH3_transport",4.5738729095843677e-17,2.0815933552521577,-2.0815933552521577,0.0,O3,30.5
"1*401,1*406,2*411,1*448,1*670","HO2+HO2 -> H2O2+O2
H2O2+O -> OH+HO2
2(OH+O3 -> HO2+O2)
NO+HO2 -> NO2+OH
NO2+hv -> NO+O
Net:2O3 -> 3O2",4.044537639382369e-17,0.9203450600435066,-1.8406901200870132,0.0,O3,30.5
"1*448,1*449,1*472,1*476,2*1091","NO+HO2 -> NO2+OH
NO2+O -> NO+O2
NO2+O+M -> NO3+M
NO3+OH -> NO2+HO2
2(O3+M -> O+O2+M)
Net:2O3 -> 3O2",3.803058265315928e-17,0.8653958003653632,-1.7307916007307265,0.0,O3,30.5
"1*410,1*1057,1*1295,1*1364","H+O3 -> OH+O2
NNH+M -> H+N2+M
OH -> OH_transport
NNH_transport -> NNH
Net:O3 + NNH_transport -> O2 + N2 + OH_transport",3.509620660521302e-17,1.5972466202740858,-1.5972466202740858,0.0,O3,30.5
"2*385,1*390,1*401,1*405,2*1048,1*1091,2*1333,2*1371","2(H+O2+M -> HO2+M)
HO2+O -> OH+O2
HO2+HO2 -> H2O2+O2
H2O2+OH -> HO2+H2O
2(HCNOH+M -> H+HNCO+M)
O3+M -> O+O2+M
2(HNCO -> HNCO_transport)
2(HCNOH_transport -> HCNOH)
Net:O3 + 2HCNOH_transport -> H2O + O2 + 2HNCO_transport",3.3749973826783146e-17,1.535978866193509,-1.535978866193509,0.0,O3,30.5
"1*10,2*1091","O+O+M -> O2+M
2(O3+M -> O+O2+M)
Net:2O3 -> 3O2",2.943789940941278e-17,0.669867058120592,-1.339734116241184,0.0,O3,30.5
"1*468,1*470,1*475,2*911,1*1091,2*1320,2*1371","NO2+OH+M -> HNO3+M
HNO3+OH -> H2O+NO3
NO3+O -> NO2+O2
2(HCNOH+M -> HCN+OH+M)
O3+M -> O+O2+M
2(HCN -> HCN_transport)
2(HCNOH_transport -> HCNOH)
Net:O3 + 2HCNOH_transport -> H2O + 2O2 + 2HCN_transport",2.796414717698841e-17,1.27266288547143,-1.27266288547143,0.0,O3,30.5
"1*411,1*470,1*477,2*1167,2*1315,2*1378","OH+O3 -> HO2+O2
HNO3+OH -> H2O+NO3
NO3+HO2 -> HNO3+O2
2(HSO3+M -> SO2+OH+M)
2(SO2 -> SO2_transport)
2(HSO3_transport -> HSO3)
Net:O3 + 2HSO3_transport -> H2O + 2O2 + 2SO2_transport",2.6557187927126353e-17,1.2086314380849839,-1.2086314380849839,0.0,O3,30.5
"1*273,1*415,1*683,1*1296","S+O2 -> SO+O
SO+O3 -> SO2+O2
SO2+hv -> S+O2
O -> O_transport
Net:O3 -> O2 + O_transport",2.3057699113518526e-17,1.0493678816813745,-1.0493678816813745,0.0,O3,30.5
"1*447,1*457,1*741,1*1179,1*1292,1*1301,1*1373","NO+O3 -> NO2+O2
NO2+CH3 -> CH3O+NO
CH3O+M -> H+H2CO+M
CH3CO+M -> CH3+CO+M
H -> H_transport
H2CO -> H2CO_transport
CH3CO_transport -> CH3CO
Net:O3 + CH3CO_transport -> O2 + CO + H_transport + H2CO_transport",2.0060160968629876e-17,0.9129483613348397,-0.9129483613348397,0.0,O3,30.5
"1*401,2*412,1*650,2*1179,2*1295,2*1301,2*1373","HO2+HO2 -> H2O2+O2
2(CH3+O3 -> H2CO+HO2)
H2O2+hv -> OH+OH
2(CH3CO+M -> CH3+CO+M)
2(OH -> OH_transport)
2(H2CO -> H2CO_transport)
2(CH3CO_transport -> CH3CO)
Net:2O3 + 2CH3CO_transport -> O2 + 2CO + 2OH_transport + 2H2CO_transport",1.804441512280322e-17,0.4106053596322153,-0.8212107192644306,0.0,O3,30.5
"1*389,1*472,1*476,2*911,1*1091,2*1320,2*1371","OH+HO2 -> H2O+O2
NO2+O+M -> NO3+M
NO3+OH -> NO2+HO2
2(HCNOH+M -> HCN+OH+M)
O3+M -> O+O2+M
2(HCN -> HCN_transport)
2(HCNOH_transport -> HCNOH)
Net:O3 + 2HCNOH_transport -> H2O + 2O2 + 2HCN_transport",1.6975729514347952e-17,0.7725742812743719,-0.7725742812743719,0.0,O3,30.5
"1*401,2*473,2*476,1*650","HO2+HO2 -> H2O2+O2
2(NO2+O3 -> NO3+O2)
2(NO3+OH -> NO2+HO2)
H2O2+hv -> OH+OH
Net:2O3 -> 3O2",1.5979560567528924e-17,0.3636190571399178,-0.7272381142798356,0.0,O3,30.5
"1*68,1*336,1*674,1*1167,1*1292,1*1301,1*1315,1*1378","OH+H2COH -> H2CO+H2O
O1D+CH4 -> H2COH+H
O3+hv -> O1D+O2
HSO3+M -> SO2+OH+M
H -> H_transport
H2CO -> H2CO_transport
SO2 -> SO2_transport
HSO3_transport -> HSO3
Net:CH4 + O3 + HSO3_transport -> H2O + O2 + H_transport + H2CO_transport + SO2_transport",1.5573548621221605e-17,0.7087602993887543,-0.7087602993887543,0.0,O3,30.5
"1*449,1*490,1*495,1*741,1*1091,1*1179,1*1292,1*1301,1*1373","NO2+O -> NO+O2
CH3+O2+M -> CH3O2+M
CH3O2+NO -> CH3O+NO2
CH3O+M -> H+H2CO+M
O3+M -> O+O2+M
CH3CO+M -> CH3+CO+M
H -> H_transport
H2CO -> H2CO_transport
CH3CO_transport -> CH3CO
Net:O3 + CH3CO_transport -> O2 + CO + H_transport + H2CO_transport",1.5533244502186828e-17,0.7069260379645621,-0.7069260379645621,0.0,O3,30.5
"1*449,1*470,1*475,1*911,2*1091,1*1320,1*1330,1*1341,1*1371","NO2+O -> NO+O2
HNO3+OH -> H2O+NO3
NO3+O -> NO2+O2
HCNOH+M -> HCN+OH+M
2(O3+M -> O+O2+M)
HCN -> HCN_transport
NO -> NO_transport
HNO3_transport -> HNO3
HCNOH_transport -> HCNOH
Net:2O3 + HNO3_transport + HCNOH_transport -> H2O + 4O2 + HCN_transport + NO_transport",1.4651710720288932e-17,0.333403488480419,-0.666806976960838,0.0,O3,30.5
"1*273,1*415,1*675,1*1296,1*1315,1*1318","S+O2 -> SO+O
SO+O3 -> SO2+O2
OCS+hv -> CO+S
O -> O_transport
SO2 -> SO2_transport
OCS_transport -> OCS
Net:O3 + OCS_transport -> CO + O_transport + SO2_transport",1.3949893167546542e-17,0.6348668950375594,-0.6348668950375594,0.0,O3,30.5
"1*433,1*445,2*674,2*1330","O1D+N2+M -> N2O+M
O1D+N2O -> NO+NO
2(O3+hv -> O1D+O2)
2(NO -> NO_transport)
Net:N2 + 2O3 -> 2O2 + 2NO_transport",1.3553548328629542e-17,0.3084145176164064,-0.6168290352328129,0.0,O3,30.5
"1*5,1*1091,1*1292,1*1295","H2+O -> OH+H
O3+M -> O+O2+M
H -> H_transport
OH -> OH_transport
Net:H2 + O3 -> O2 + H_transport + OH_transport",1.2939174817913682e-17,0.5888685771521075,-0.5888685771521075,0.0,O3,30.5
"1*389,1*473,1*476,2*1167,2*1315,2*1378","OH+HO2 -> H2O+O2
NO2+O3 -> NO3+O2
NO3+OH -> NO2+HO2
2(HSO3+M -> SO2+OH+M)
2(SO2 -> SO2_transport)
2(HSO3_transport -> HSO3)
Net:O3 + 2HSO3_transport -> H2O + 2O2 + 2SO2_transport",1.2639008650576141e-17,0.5752078587247975,-0.5752078587247975,0.0,O3,30.5
"1*11,1*411,1*448,1*670,1*911,1*1292,1*1320,1*1371","O+OH -> O2+H
OH+O3 -> HO2+O2
NO+HO2 -> NO2+OH
NO2+hv -> NO+O
HCNOH+M -> HCN+OH+M
H -> H_transport
HCN -> HCN_transport
HCNOH_transport -> HCNOH
Net:O3 + HCNOH_transport -> 2O2 + H_transport + HCN_transport",1.2573642183150061e-17,0.5722329967874378,-0.5722329967874378,0.0,O3,30.5
"1*389,1*412,1*1167,1*1179,1*1301,1*1315,1*1373,1*1378","OH+HO2 -> H2O+O2
CH3+O3 -> H2CO+HO2
HSO3+M -> SO2+OH+M
CH3CO+M -> CH3+CO+M
H2CO -> H2CO_transport
SO2 -> SO2_transport
CH3CO_transport -> CH3CO
HSO3_transport -> HSO3
Net:O3 + CH3CO_transport + HSO3_transport -> H2O + O2 + CO + H2CO_transport + SO2_transport",1.2346457821010059e-17,0.5618937182811007,-0.5618937182811007,0.0,O3,30.5
"1*390,2*398,1*401,1*405,1*1091,2*1301,2*1366","HO2+O -> OH+O2
2(CH3O+O2 -> H2CO+HO2)
HO2+HO2 -> H2O2+O2
H2O2+OH -> HO2+H2O
O3+M -> O+O2+M
2(H2CO -> H2CO_transport)
2(CH3O_transport -> CH3O)
Net:O3 + 2CH3O_transport -> H2O + O2 + 2H2CO_transport",1.1242819576214053e-17,0.511666567628192,-0.511666567628192,0.0,O3,30.5
"2*385,1*401,1*405,1*448,1*449,2*1048,1*1091,2*1333,2*1371","2(H+O2+M -> HO2+M)
HO2+HO2 -> H2O2+O2
H2O2+OH -> HO2+H2O
NO+HO2 -> NO2+OH
NO2+O -> NO+O2
2(HCNOH+M -> H+HNCO+M)
O3+M -> O+O2+M
2(HNCO -> HNCO_transport)
2(HCNOH_transport -> HCNOH)
Net:O3 + 2HCNOH_transport -> H2O + O2 + 2HNCO_transport",1.0677370398293705e-17,0.48593268138431844,-0.48593268138431844,0.0,O3,30.5
"1*401,1*405,2*412,1*448,1*670,2*1179,1*1296,2*1301,2*1373","HO2+HO2 -> H2O2+O2
H2O2+OH -> HO2+H2O
2(CH3+O3 -> H2CO+HO2)
NO+HO2 -> NO2+OH
NO2+hv -> NO+O
2(CH3CO+M -> CH3+CO+M)
O -> O_transport
2(H2CO -> H2CO_transport)
2(CH3CO_transport -> CH3CO)
Net:2O3 + 2CH3CO_transport -> H2O + O2 + 2CO + O_transport + 2H2CO_transport",1.0320299013880895e-17,0.23484108846240345,-0.4696821769248069,0.0,O3,30.5
"1*433,1*444,2*674","O1D+N2+M -> N2O+M
O1D+N2O -> N2+O2
2(O3+hv -> O1D+O2)
Net:2O3 -> 3O2",9.96561518523057e-18,0.22677016568504757,-0.45354033137009514,0.0,O3,30.5
"1*389,1*411,2*658,2*670,2*1296,2*1330,2*1341","OH+HO2 -> H2O+O2
OH+O3 -> HO2+O2
2(HNO3+hv -> OH+NO2)
2(NO2+hv -> NO+O)
2(O -> O_transport)
2(NO -> NO_transport)
2(HNO3_transport -> HNO3)
Net:O3 + 2HNO3_transport -> H2O + 2O2 + 2O_transport + 2NO_transport",9.850222644799315e-18,0.44828875682581704,-0.44828875682581704,0.0,O3,30.5
"1*273,1*447,1*456,1*683,1*1296","S+O2 -> SO+O
NO+O3 -> NO2+O2
NO2+SO -> SO2+NO
SO2+hv -> S+O2
O -> O_transport
Net:O3 -> O2 + O_transport",9.184831066975905e-18,0.41800643997054127,-0.41800643997054127,0.0,O3,30.5
"1*447,1*450,1*1048,1*1295,1*1333,1*1371","NO+O3 -> NO2+O2
NO2+H -> NO+OH
HCNOH+M -> H+HNCO+M
OH -> OH_transport
HNCO -> HNCO_transport
HCNOH_transport -> HCNOH
Net:O3 + HCNOH_transport -> O2 + OH_transport + HNCO_transport",9.161792428738517e-18,0.41695793955924837,-0.41695793955924837,0.0,O3,30.5
"1*390,2*391,1*401,1*405,1*1091,2*1300","HO2+O -> OH+O2
2(HCO+O2 -> HO2+CO)
HO2+HO2 -> H2O2+O2
H2O2+OH -> HO2+H2O
O3+M -> O+O2+M
2(HCO_transport -> HCO)
Net:O3 + 2HCO_transport -> H2O + O2 + 2CO",8.402734699630335e-18,0.38241282743220495,-0.38241282743220495,0.0,O3,30.5
"1*390,1*400,1*405,2*911,1*1091,2*1320,2*1371","HO2+O -> OH+O2
OH+OH+M -> H2O2+M
H2O2+OH -> HO2+H2O
2(HCNOH+M -> HCN+OH+M)
O3+M -> O+O2+M
2(HCN -> HCN_transport)
2(HCNOH_transport -> HCNOH)
Net:O3 + 2HCNOH_transport -> H2O + 2O2 + 2HCN_transport",8.18113569471002e-18,0.3723277414385381,-0.3723277414385381,0.0,O3,30.5
"1*338,1*401,1*405,1*411,1*674","O1D+H2O -> OH+OH
HO2+HO2 -> H2O2+O2
H2O2+OH -> HO2+H2O
OH+O3 -> HO2+O2
O3+hv -> O1D+O2
Net:2O3 -> 3O2",7.347765088103418e-18,0.1672003057988305,-0.334400611597661,0.0,O3,30.5
"1*385,1*473,1*477,1*658,1*1048,1*1295,1*1333,1*1371","H+O2+M -> HO2+M
NO2+O3 -> NO3+O2
NO3+HO2 -> HNO3+O2
HNO3+hv -> OH+NO2
HCNOH+M -> H+HNCO+M
OH -> OH_transport
HNCO -> HNCO_transport
HCNOH_transport -> HCNOH
Net:O3 + HCNOH_transport -> O2 + OH_transport + HNCO_transport",6.955739391954978e-18,0.31655931822720645,-0.31655931822720645,0.0,O3,30.5
"1*401,1*406,1*411,1*1091","HO2+HO2 -> H2O2+O2
H2O2+O -> OH+HO2
OH+O3 -> HO2+O2
O3+M -> O+O2+M
Net:2O3 -> 3O2",6.8522568320244404e-18,0.15592488654564982,-0.31184977309129963,0.0,O3,30.5
"1*338,1*468,1*470,1*478,1*670,1*674,1*1296","O1D+H2O -> OH+OH
NO2+OH+M -> HNO3+M
HNO3+OH -> H2O+NO3
NO3+NO -> NO2+NO2
NO2+hv -> NO+O
O3+hv -> O1D+O2
O -> O_transport
Net:O3 -> O2 + O_transport",6.841555259885606e-18,0.31136273897611316,-0.31136273897611316,0.0,O3,30.5
"1*390,1*411,1*670,1*1330,1*1337","HO2+O -> OH+O2
OH+O3 -> HO2+O2
NO2+hv -> NO+O
NO -> NO_transport
NO2_transport -> NO2
Net:O3 + NO2_transport -> 2O2 + NO_transport",6.372358039827751e-18,0.2900093294065419,-0.2900093294065419,0.0,O3,30.5
"1*338,1*462,1*467,1*670,1*674,1*1296","O1D+H2O -> OH+OH
NO+OH+M -> HNO2+M
HNO2+OH -> H2O+NO2
NO2+hv -> NO+O
O3+hv -> O1D+O2
O -> O_transport
Net:O3 -> O2 + O_transport",6.359280926890487e-18,0.2894141831938203,-0.2894141831938203,0.0,O3,30.5
"3*449,1*462,1*467,2*658,3*1091,2*1330,2*1341","3(NO2+O -> NO+O2)
NO+OH+M -> HNO2+M
HNO2+OH -> H2O+NO2
2(HNO3+hv -> OH+NO2)
3(O3+M -> O+O2+M)
2(NO -> NO_transport)
2(HNO3_transport -> HNO3)
Net:3O3 + 2HNO3_transport -> H2O + 6O2 + 2NO_transport",5.5636079872596885e-18,0.08440089792933629,-0.25320269378800886,0.0,O3,30.5
"1*273,1*447,1*456,1*675,1*1296,1*1315,1*1318","S+O2 -> SO+O
NO+O3 -> NO2+O2
NO2+SO -> SO2+NO
OCS+hv -> CO+S
O -> O_transport
SO2 -> SO2_transport
OCS_transport -> OCS
Net:O3 + OCS_transport -> CO + O_transport + SO2_transport",5.556816901611681e-18,0.2528936279473245,-0.2528936279473245,0.0,O3,30.5
"1*390,1*485,1*1091,1*1295,1*1339,1*1378","HO2+O -> OH+O2
HSO3+O2 -> HO2+SO3
O3+M -> O+O2+M
OH -> OH_transport
SO3 -> SO3_transport
HSO3_transport -> HSO3
Net:O3 + HSO3_transport -> O2 + OH_transport + SO3_transport",4.936554850786849e-18,0.22466517934293656,-0.22466517934293656,0.0,O3,30.5
"1*401,1*405,1*473,1*476,2*911,2*1320,2*1371","HO2+HO2 -> H2O2+O2
H2O2+OH -> HO2+H2O
NO2+O3 -> NO3+O2
NO3+OH -> NO2+HO2
2(HCNOH+M -> HCN+OH+M)
2(HCN -> HCN_transport)
2(HCNOH_transport -> HCNOH)
Net:O3 + 2HCNOH_transport -> H2O + 2O2 + 2HCN_transport",4.569664409873632e-18,0.20796780451404379,-0.20796780451404379,0.0,O3,30.5
"1*448,1*449,1*468,1*470,1*476,2*911,1*1091,2*1320,2*1371","NO+HO2 -> NO2+OH
NO2+O -> NO+O2
NO2+OH+M -> HNO3+M
HNO3+OH -> H2O+NO3
NO3+OH -> NO2+HO2
2(HCNOH+M -> HCN+OH+M)
O3+M -> O+O2+M
2(HCN -> HCN_transport)
2(HCNOH_transport -> HCNOH)
Net:O3 + 2HCNOH_transport -> H2O + 2O2 + 2HCN_transport",4.463201607566114e-18,0.2031226269971855,-0.2031226269971855,0.0,O3,30.5
"2*398,1*401,1*405,1*448,1*449,1*1091,2*1301,2*1366","2(CH3O+O2 -> H2CO+HO2)
HO2+HO2 -> H2O2+O2
H2O2+OH -> HO2+H2O
NO+HO2 -> NO2+OH
NO2+O -> NO+O2
O3+M -> O+O2+M
2(H2CO -> H2CO_transport)
2(CH3O_transport -> CH3O)
Net:O3 + 2CH3O_transport -> H2O + O2 + 2H2CO_transport",3.556854578688922e-18,0.16187430221514124,-0.16187430221514124,0.0,O3,30.5
"1*401,2*472,2*476,1*650,2*1091","HO2+HO2 -> H2O2+O2
2(NO2+O+M -> NO3+M)
2(NO3+OH -> NO2+HO2)
H2O2+hv -> OH+OH
2(O3+M -> O+O2+M)
Net:2O3 -> 3O2",3.3476228252685973e-18,0.07617602813545153,-0.15235205627090306,0.0,O3,30.5
"1*468,1*470,1*475,1*1091,2*1167,2*1315,2*1378","NO2+OH+M -> HNO3+M
HNO3+OH -> H2O+NO3
NO3+O -> NO2+O2
O3+M -> O+O2+M
2(HSO3+M -> SO2+OH+M)
2(SO2 -> SO2_transport)
2(HSO3_transport -> HSO3)
Net:O3 + 2HSO3_transport -> H2O + 2O2 + 2SO2_transport",3.335744005004347e-18,0.15181144498110347,-0.15181144498110347,0.0,O3,30.5
"1*390,1*411,1*468,1*470,1*478,1*670,2*911,2*1320,2*1371","HO2+O -> OH+O2
OH+O3 -> HO2+O2
NO2+OH+M -> HNO3+M
HNO3+OH -> H2O+NO3
NO3+NO -> NO2+NO2
NO2+hv -> NO+O
2(HCNOH+M -> HCN+OH+M)
2(HCN -> HCN_transport)
2(HCNOH_transport -> HCNOH)
Net:O3 + 2HCNOH_transport -> H2O + 2O2 + 2HCN_transport",3.26360732747152e-18,0.14852846725980196,-0.14852846725980196,0.0,O3,30.5
"1*390,1*411,1*462,1*467,1*670,2*911,2*1320,2*1371","HO2+O -> OH+O2
OH+O3 -> HO2+O2
NO+OH+M -> HNO2+M
HNO2+OH -> H2O+NO2
NO2+hv -> NO+O
2(HCNOH+M -> HCN+OH+M)
2(HCN -> HCN_transport)
2(HCNOH_transport -> HCNOH)
Net:O3 + 2HCNOH_transport -> H2O + 2O2 + 2HCN_transport",3.108750712356228e-18,0.1414808621467398,-0.1414808621467398,0.0,O3,30.5
"2*391,1*401,1*405,1*448,1*449,1*1091,2*1300","2(HCO+O2 -> HO2+CO)
HO2+HO2 -> H2O2+O2
H2O2+OH -> HO2+H2O
NO+HO2 -> NO2+OH
NO2+O -> NO+O2
O3+M -> O+O2+M
2(HCO_transport -> HCO)
Net:O3 + 2HCO_transport -> H2O + O2 + 2CO",2.6583460836745723e-18,0.12098271318693962,-0.12098271318693962,0.0,O3,30.5
"1*400,1*405,1*448,1*449,2*911,1*1091,2*1320,2*1371","OH+OH+M -> H2O2+M
H2O2+OH -> HO2+H2O
NO+HO2 -> NO2+OH
NO2+O -> NO+O2
2(HCNOH+M -> HCN+OH+M)
O3+M -> O+O2+M
2(HCN -> HCN_transport)
2(HCNOH_transport -> HCNOH)
Net:O3 + 2HCNOH_transport -> H2O + 2O2 + 2HCN_transport",2.5882395209977784e-18,0.11779212704883803,-0.11779212704883803,0.0,O3,30.5
"1*493,1*645,1*741,1*1091,1*1292,1*1377","CH3O2+O -> CH3O+O2
H2CO+hv -> CO+H2
CH3O+M -> H+H2CO+M
O3+M -> O+O2+M
H -> H_transport
CH3O2_transport -> CH3O2
Net:O3 + CH3O2_transport -> H2 + 2O2 + CO + H_transport",2.3390241708545466e-18,0.10645020681756226,-0.10645020681756226,0.0,O3,30.5
"1*390,1*398,1*645,1*1091,1*1295,1*1366","HO2+O -> OH+O2
CH3O+O2 -> H2CO+HO2
H2CO+hv -> CO+H2
O3+M -> O+O2+M
OH -> OH_transport
CH3O_transport -> CH3O
Net:O3 + CH3O_transport -> H2 + O2 + CO + OH_transport",2.3265241741335546e-18,0.10588132546406931,-0.10588132546406931,0.0,O3,30.5
"1*412,1*659,1*1179,1*1295,1*1296,1*1301,1*1373","CH3+O3 -> H2CO+HO2
HO2+hv -> OH+O
CH3CO+M -> CH3+CO+M
OH -> OH_transport
O -> O_transport
H2CO -> H2CO_transport
CH3CO_transport -> CH3CO
Net:O3 + CH3CO_transport -> CO + OH_transport + O_transport + H2CO_transport",2.3202886441650624e-18,0.10559754325136965,-0.10559754325136965,0.0,O3,30.5
"1*398,1*473,1*477,1*658,1*1295,1*1301,1*1366","CH3O+O2 -> H2CO+HO2
NO2+O3 -> NO3+O2
NO3+HO2 -> HNO3+O2
HNO3+hv -> OH+NO2
OH -> OH_transport
H2CO -> H2CO_transport
CH3O_transport -> CH3O
Net:O3 + CH3O_transport -> O2 + OH_transport + H2CO_transport",2.3171017377458044e-18,0.10545250548234382,-0.10545250548234382,0.0,O3,30.5
"1*389,1*472,1*476,1*1091,2*1167,2*1315,2*1378","OH+HO2 -> H2O+O2
NO2+O+M -> NO3+M
NO3+OH -> NO2+HO2
O3+M -> O+O2+M
2(HSO3+M -> SO2+OH+M)
2(SO2 -> SO2_transport)
2(HSO3_transport -> HSO3)
Net:O3 + 2HSO3_transport -> H2O + 2O2 + 2SO2_transport",2.2905305454094657e-18,0.10424323669631023,-0.10424323669631023,0.0,O3,30.5
"2*15,1*338,1*674,2*1292","2(CO+OH -> CO2+H)
O1D+H2O -> OH+OH
O3+hv -> O1D+O2
2(H -> H_transport)
Net:H2O + 2CO + O3 -> O2 + 2CO2 + 2H_transport",2.2448538562055856e-18,0.1021644668088156,-0.1021644668088156,0.0,O3,30.5
"1*473,1*476,1*659,1*1296","NO2+O3 -> NO3+O2
NO3+OH -> NO2+HO2
HO2+hv -> OH+O
O -> O_transport
Net:O3 -> O2 + O_transport",2.0547738827361458e-18,0.09351382833323874,-0.09351382833323874,0.0,O3,30.5
"1*11,1*411,1*448,1*670,1*1167,1*1292,1*1315,1*1378","O+OH -> O2+H
OH+O3 -> HO2+O2
NO+HO2 -> NO2+OH
NO2+hv -> NO+O
HSO3+M -> SO2+OH+M
H -> H_transport
SO2 -> SO2_transport
HSO3_transport -> HSO3
Net:O3 + HSO3_transport -> 2O2 + H_transport + SO2_transport",1.9611795215353484e-18,0.08925430026553922,-0.08925430026553922,0.0,O3,30.5
"1*412,1*448,1*670,1*1173,1*1295,1*1296,1*1301,1*1377","CH3+O3 -> H2CO+HO2
NO+HO2 -> NO2+OH
NO2+hv -> NO+O
CH3O2+M -> CH3+O2+M
OH -> OH_transport
O -> O_transport
H2CO -> H2CO_transport
CH3O2_transport -> CH3O2
Net:O3 + CH3O2_transport -> O2 + OH_transport + O_transport + H2CO_transport",1.742964118179909e-18,0.07932320373929952,-0.07932320373929952,0.0,O3,30.5
"1*391,1*473,1*477,1*658,1*1295,1*1300","HCO+O2 -> HO2+CO
NO2+O3 -> NO3+O2
NO3+HO2 -> HNO3+O2
HNO3+hv -> OH+NO2
OH -> OH_transport
HCO_transport -> HCO
Net:O3 + HCO_transport -> O2 + CO + OH_transport",1.731771202263376e-18,0.07881380831318419,-0.07881380831318419,0.0,O3,30.5
"1*27,1*493,1*701,1*741,1*911,1*1091,2*1292,1*1320,1*1371,1*1377","H2CO+OH -> HCO+H2O
CH3O2+O -> CH3O+O2
HCO+M -> H+CO+M
CH3O+M -> H+H2CO+M
HCNOH+M -> HCN+OH+M
O3+M -> O+O2+M
2(H -> H_transport)
HCN -> HCN_transport
HCNOH_transport -> HCNOH
CH3O2_transport -> CH3O2
Net:O3 + HCNOH_transport + CH3O2_transport -> H2O + 2O2 + CO + 2H_transport + HCN_transport",1.6796077049768583e-18,0.07643982041529578,-0.07643982041529578,0.0,O3,30.5
"1*27,1*390,1*398,1*701,1*1091,1*1292,1*1366","H2CO+OH -> HCO+H2O
HO2+O -> OH+O2
CH3O+O2 -> H2CO+HO2
HCO+M -> H+CO+M
O3+M -> O+O2+M
H -> H_transport
CH3O_transport -> CH3O
Net:O3 + CH3O_transport -> H2O + O2 + CO + H_transport",1.670631700766909e-18,0.07603131779422397,-0.07603131779422397,0.0,O3,30.5
err,err_pathways,0.0,0.0,0.0,0.0,O3,30.5
